trip_id,timestamp_s,accel_long_g,accel_lat_g,accel_lat_smooth_g
20151111125233-24km-D1-AGGRESSIVE-MOTORWAY,200.04,-0.059,-0.027,0.008
20151111125233-24km-D1-AGGRESSIVE-MOTORWAY,200.14,-0.041,-0.039,0.009
20151111125233-24km-D1-AGGRESSIVE-MOTORWAY,200.24,-0.052,-0.044,-0.012
20151111125233-24km-D1-AGGRESSIVE-MOTORWAY,200.34,-0.032,-0.047,-0.0
20151111125233-24km-D1-AGGRESSIVE-MOTORWAY,200.44,0.043,-0.013,0.016
20151111125233-24km-D1-AGGRESSIVE-MOTORWAY,200.54,0.004,0.017,0.009
20151111125233-24km-D1-AGGRESSIVE-MOTORWAY,200.64,-0.048,-0.018,0.014
20151111125233-24km-D1-AGGRESSIVE-MOTORWAY,200.75,0.012,-0.007,0.02
20151111125233-24km-D1-AGGRESSIVE-MOTORWAY,200.85,0.035,0.008,0.011
20151111125233-24km-D1-AGGRESSIVE-MOTORWAY,200.94,-0.019,0.005,0.009
20151111125233-24km-D1-AGGRESSIVE-MOTORWAY,201.04,-0.017,-0.004,0.016
20151111125233-24km-D1-AGGRESSIVE-MOTORWAY,201.15,-0.049,-0.029,0.017
20151111125233-24km-D1-AGGRESSIVE-MOTORWAY,201.24,-0.034,-0.038,0.021
20151111125233-24km-D1-AGGRESSIVE-MOTORWAY,201.35,-0.001,-0.018,0.002
20151111125233-24km-D1-AGGRESSIVE-MOTORWAY,201.45,-0.021,-0.015,-0.001
20151111125233-24km-D1-AGGRESSIVE-MOTORWAY,201.54,-0.003,-0.013,-0.009
20151111125233-24km-D1-AGGRESSIVE-MOTORWAY,201.64,-0.058,-0.027,-0.012
20151111125233-24km-D1-AGGRESSIVE-MOTORWAY,201.74,-0.03,-0.046,-0.004
20151111125233-24km-D1-AGGRESSIVE-MOTORWAY,201.84,-0.02,-0.028,-0.005
20151111125233-24km-D1-AGGRESSIVE-MOTORWAY,201.94,-0.012,-0.019,-0.004
20151111125233-24km-D1-AGGRESSIVE-MOTORWAY,202.04,-0.024,-0.019,0.001
20151111125233-24km-D1-AGGRESSIVE-MOTORWAY,202.14,-0.047,-0.028,-0.002
20151111125233-24km-D1-AGGRESSIVE-MOTORWAY,202.24,-0.063,-0.046,0.004
20151111125233-24km-D1-AGGRESSIVE-MOTORWAY,202.35,-0.025,-0.045,-0.006
20151111125233-24km-D1-AGGRESSIVE-MOTORWAY,202.44,0.0,-0.015,-0.002
20151111125233-24km-D1-AGGRESSIVE-MOTORWAY,202.55,0.017,0.001,-0.012
20151111125233-24km-D1-AGGRESSIVE-MOTORWAY,202.64,-0.02,-0.003,-0.022
20151111125233-24km-D1-AGGRESSIVE-MOTORWAY,202.74,-0.061,-0.034,-0.003
20151111125233-24km-D1-AGGRESSIVE-MOTORWAY,202.84,-0.008,-0.039,-0.011
20151111125233-24km-D1-AGGRESSIVE-MOTORWAY,202.95,0.018,-0.002,-0.018
20151111125233-24km-D1-AGGRESSIVE-MOTORWAY,203.05,0.0,0.004,-0.009
20151111125233-24km-D1-AGGRESSIVE-MOTORWAY,203.15,-0.018,0.0,-0.024
20151111125233-24km-D1-AGGRESSIVE-MOTORWAY,203.25,-0.001,-0.011,-0.038
20151111125233-24km-D1-AGGRESSIVE-MOTORWAY,203.35,-0.006,-0.006,-0.051
20151111125233-24km-D1-AGGRESSIVE-MOTORWAY,203.45,0.015,-0.001,-0.044
20151111125233-24km-D1-AGGRESSIVE-MOTORWAY,203.56,-0.025,0.002,-0.037
20151111125233-24km-D1-AGGRESSIVE-MOTORWAY,203.65,-0.037,-0.032,-0.038
20151111125233-24km-D1-AGGRESSIVE-MOTORWAY,203.76,0.016,-0.008,-0.031
20151111125233-24km-D1-AGGRESSIVE-MOTORWAY,203.85,0.069,0.025,-0.014
20151111125233-24km-D1-AGGRESSIVE-MOTORWAY,203.95,-0.007,0.029,-0.026
20151111125233-24km-D1-AGGRESSIVE-MOTORWAY,204.05,-0.087,-0.026,-0.032
20151111125233-24km-D1-AGGRESSIVE-MOTORWAY,204.16,-0.013,-0.037,-0.017
20151111125233-24km-D1-AGGRESSIVE-MOTORWAY,204.26,0.001,-0.015,-0.017
20151111125233-24km-D1-AGGRESSIVE-MOTORWAY,204.36,0.012,-0.003,-0.045
20151111125233-24km-D1-AGGRESSIVE-MOTORWAY,204.46,0.024,0.014,-0.022
20151111125233-24km-D1-AGGRESSIVE-MOTORWAY,204.55,-0.009,0.004,-0.017
20151111125233-24km-D1-AGGRESSIVE-MOTORWAY,204.65,-0.031,-0.018,-0.014
20151111125233-24km-D1-AGGRESSIVE-MOTORWAY,204.76,-0.007,-0.011,-0.016
20151111125233-24km-D1-AGGRESSIVE-MOTORWAY,204.85,-0.048,-0.022,-0.017
20151111125233-24km-D1-AGGRESSIVE-MOTORWAY,204.97,-0.058,-0.047,-0.021
20151111125233-24km-D1-AGGRESSIVE-MOTORWAY,205.05,-0.01,-0.034,-0.009
20151111125233-24km-D1-AGGRESSIVE-MOTORWAY,205.16,0.007,-0.009,-0.008
20151111125233-24km-D1-AGGRESSIVE-MOTORWAY,205.25,0.061,0.021,-0.012
20151111125233-24km-D1-AGGRESSIVE-MOTORWAY,205.35,0.053,0.046,-0.016
20151111125233-24km-D1-AGGRESSIVE-MOTORWAY,205.46,0.024,0.034,-0.01
20151111125233-24km-D1-AGGRESSIVE-MOTORWAY,205.55,-0.013,0.015,-0.017
20151111125233-24km-D1-AGGRESSIVE-MOTORWAY,205.66,-0.026,-0.009,-0.03
20151111125233-24km-D1-AGGRESSIVE-MOTORWAY,205.76,-0.035,-0.022,-0.015
20151111125233-24km-D1-AGGRESSIVE-MOTORWAY,205.86,-0.042,-0.035,0.007
20151111125233-24km-D1-AGGRESSIVE-MOTORWAY,205.95,0.009,-0.025,0.012
20151111125233-24km-D1-AGGRESSIVE-MOTORWAY,206.06,0.056,0.021,-0.005
20151111125233-24km-D1-AGGRESSIVE-MOTORWAY,206.16,-0.02,0.021,-0.022
20151111125233-24km-D1-AGGRESSIVE-MOTORWAY,206.26,-0.101,-0.042,-0.029
20151111125233-24km-D1-AGGRESSIVE-MOTORWAY,206.36,-0.106,-0.081,-0.013
20151111125233-24km-D1-AGGRESSIVE-MOTORWAY,206.46,-0.027,-0.072,-0.006
20151111125233-24km-D1-AGGRESSIVE-MOTORWAY,206.56,0.03,-0.015,-0.004
20151111125233-24km-D1-AGGRESSIVE-MOTORWAY,206.66,0.054,0.024,-0.0
20151111125233-24km-D1-AGGRESSIVE-MOTORWAY,206.76,0.022,0.029,-0.02
20151111125233-24km-D1-AGGRESSIVE-MOTORWAY,206.87,0.019,0.025,-0.03
20151111125233-24km-D1-AGGRESSIVE-MOTORWAY,206.96,-0.035,-0.003,-0.012
20151111125233-24km-D1-AGGRESSIVE-MOTORWAY,207.06,0.034,0.005,-0.006
20151111125233-24km-D1-AGGRESSIVE-MOTORWAY,207.16,0.003,0.013,-0.022
20151111125233-24km-D1-AGGRESSIVE-MOTORWAY,207.26,-0.024,-0.007,-0.01
20151111125233-24km-D1-AGGRESSIVE-MOTORWAY,207.36,-0.021,-0.024,-0.007
20151111125233-24km-D1-AGGRESSIVE-MOTORWAY,207.46,-0.013,-0.011,-0.009
20151111125233-24km-D1-AGGRESSIVE-MOTORWAY,207.56,-0.013,-0.011,-0.016
20151111125233-24km-D1-AGGRESSIVE-MOTORWAY,207.66,0.016,-0.003,-0.004
20151111125233-24km-D1-AGGRESSIVE-MOTORWAY,207.76,0.039,0.019,0.014
20151111125233-24km-D1-AGGRESSIVE-MOTORWAY,207.86,0.037,0.03,0.005
20151111125233-24km-D1-AGGRESSIVE-MOTORWAY,207.96,0.028,0.031,-0.007
20151111125233-24km-D1-AGGRESSIVE-MOTORWAY,208.07,0.01,0.021,0.001
20151111125233-24km-D1-AGGRESSIVE-MOTORWAY,208.16,-0.015,0.009,-0.005
20151111125233-24km-D1-AGGRESSIVE-MOTORWAY,208.26,-0.033,-0.015,-0.003
20151111125233-24km-D1-AGGRESSIVE-MOTORWAY,208.36,-0.027,-0.026,0.011
20151111125233-24km-D1-AGGRESSIVE-MOTORWAY,208.46,-0.007,-0.015,0.0
20151111125233-24km-D1-AGGRESSIVE-MOTORWAY,208.56,0.027,0.002,-0.023
20151111125233-24km-D1-AGGRESSIVE-MOTORWAY,208.66,-0.022,-0.001,-0.017
20151111125233-24km-D1-AGGRESSIVE-MOTORWAY,208.76,-0.016,-0.012,-0.006
20151111125233-24km-D1-AGGRESSIVE-MOTORWAY,208.87,0.002,-0.007,0.002
20151111125233-24km-D1-AGGRESSIVE-MOTORWAY,208.96,0.007,0.003,0.008
20151111125233-24km-D1-AGGRESSIVE-MOTORWAY,209.07,-0.007,0.0,0.005
20151111125233-24km-D1-AGGRESSIVE-MOTORWAY,209.16,-0.025,-0.008,-0.007
20151111125233-24km-D1-AGGRESSIVE-MOTORWAY,209.27,0.028,-0.007,-0.01
20151111125233-24km-D1-AGGRESSIVE-MOTORWAY,209.36,0.065,0.035,0.001
20151111125233-24km-D1-AGGRESSIVE-MOTORWAY,209.47,0.036,0.04,0.002
20151111125233-24km-D1-AGGRESSIVE-MOTORWAY,209.57,-0.025,0.022,-0.008
20151111125233-24km-D1-AGGRESSIVE-MOTORWAY,209.67,0.057,0.018,-0.002
20151111125233-24km-D1-AGGRESSIVE-MOTORWAY,209.77,-0.03,0.01,0.003
20151111125233-24km-D1-AGGRESSIVE-MOTORWAY,209.87,-0.07,-0.035,0.001
20151111125233-24km-D1-AGGRESSIVE-MOTORWAY,210.07,-0.082,-0.061,0.004
20151111125233-24km-D1-AGGRESSIVE-MOTORWAY,210.17,-0.002,-0.037,0.033
20151111125233-24km-D1-AGGRESSIVE-MOTORWAY,210.28,0.045,0.001,0.034
20151111125233-24km-D1-AGGRESSIVE-MOTORWAY,210.37,0.127,0.07,0.009
20151111125233-24km-D1-AGGRESSIVE-MOTORWAY,210.48,0.038,0.075,0.016
20151111125233-24km-D1-AGGRESSIVE-MOTORWAY,210.57,-0.09,-0.003,0.031
20151111125233-24km-D1-AGGRESSIVE-MOTORWAY,210.67,-0.088,-0.06,0.047
20151111125233-24km-D1-AGGRESSIVE-MOTORWAY,210.77,-0.036,-0.059,0.036
20151111125233-24km-D1-AGGRESSIVE-MOTORWAY,210.87,0.018,-0.021,0.034
20151111125233-24km-D1-AGGRESSIVE-MOTORWAY,210.98,-0.025,-0.018,0.039
20151111125233-24km-D1-AGGRESSIVE-MOTORWAY,211.08,0.021,-0.002,0.019
20151111125233-24km-D1-AGGRESSIVE-MOTORWAY,211.17,0.093,0.04,-0.003
20151111125233-24km-D1-AGGRESSIVE-MOTORWAY,211.27,-0.015,0.027,0.019
20151111125233-24km-D1-AGGRESSIVE-MOTORWAY,211.37,0.074,0.031,-0.01
20151111125233-24km-D1-AGGRESSIVE-MOTORWAY,211.48,0.077,0.077,-0.022
20151111125233-24km-D1-AGGRESSIVE-MOTORWAY,211.57,-0.019,0.031,0.001
20151111125233-24km-D1-AGGRESSIVE-MOTORWAY,211.68,0.026,0.022,-0.001
20151111125233-24km-D1-AGGRESSIVE-MOTORWAY,211.77,-0.017,-0.003,-0.034
20151111125233-24km-D1-AGGRESSIVE-MOTORWAY,211.87,0.167,0.061,-0.031
20151111125233-24km-D1-AGGRESSIVE-MOTORWAY,211.97,0.093,0.109,-0.039
20151111125233-24km-D1-AGGRESSIVE-MOTORWAY,212.08,0.031,0.067,-0.035
20151111125233-24km-D1-AGGRESSIVE-MOTORWAY,212.18,0.066,0.065,-0.027
20151111125233-24km-D1-AGGRESSIVE-MOTORWAY,212.28,-0.022,0.033,-0.026
20151111125233-24km-D1-AGGRESSIVE-MOTORWAY,212.38,-0.13,-0.049,0.008
20151111125233-24km-D1-AGGRESSIVE-MOTORWAY,212.48,-0.145,-0.104,-0.001
20151111125233-24km-D1-AGGRESSIVE-MOTORWAY,212.58,-0.059,-0.105,-0.016
20151111125233-24km-D1-AGGRESSIVE-MOTORWAY,212.68,0.096,-0.01,-0.03
20151111125233-24km-D1-AGGRESSIVE-MOTORWAY,212.78,0.076,0.059,-0.02
20151111125233-24km-D1-AGGRESSIVE-MOTORWAY,212.88,0.02,0.043,-0.023
20151111125233-24km-D1-AGGRESSIVE-MOTORWAY,212.98,-0.01,0.02,-0.008
20151111125233-24km-D1-AGGRESSIVE-MOTORWAY,213.08,-0.02,-0.011,-0.021
20151111125233-24km-D1-AGGRESSIVE-MOTORWAY,213.18,0.039,0.005,-0.01
20151111125233-24km-D1-AGGRESSIVE-MOTORWAY,213.28,0.047,0.036,0.019
20151111125233-24km-D1-AGGRESSIVE-MOTORWAY,213.39,-0.058,0.007,-0.001
20151111125233-24km-D1-AGGRESSIVE-MOTORWAY,213.48,-0.043,-0.034,-0.003
20151111125233-24km-D1-AGGRESSIVE-MOTORWAY,213.58,-0.058,-0.056,0.024
20151111125233-24km-D1-AGGRESSIVE-MOTORWAY,213.68,-0.0,-0.037,0.013
20151111125233-24km-D1-AGGRESSIVE-MOTORWAY,213.78,-0.004,-0.003,0.009
20151111125233-24km-D1-AGGRESSIVE-MOTORWAY,213.88,0.021,0.002,0.012
20151111125233-24km-D1-AGGRESSIVE-MOTORWAY,213.98,0.017,0.013,0.008
20151111125233-24km-D1-AGGRESSIVE-MOTORWAY,214.08,0.037,0.024,0.007
20151111125233-24km-D1-AGGRESSIVE-MOTORWAY,214.18,-0.03,0.01,0.013
20151111125233-24km-D1-AGGRESSIVE-MOTORWAY,214.28,-0.054,-0.028,0.01
20151111125233-24km-D1-AGGRESSIVE-MOTORWAY,214.38,-0.062,-0.045,0.003
20151111125233-24km-D1-AGGRESSIVE-MOTORWAY,214.49,-0.073,-0.064,-0.002
20151111125233-24km-D1-AGGRESSIVE-MOTORWAY,214.58,-0.085,-0.073,-0.014
20151111125233-24km-D1-AGGRESSIVE-MOTORWAY,214.68,-0.06,-0.071,-0.014
20151111125233-24km-D1-AGGRESSIVE-MOTORWAY,214.78,0.005,-0.037,-0.024
20151111125233-24km-D1-AGGRESSIVE-MOTORWAY,214.89,0.081,0.011,-0.006
20151111125233-24km-D1-AGGRESSIVE-MOTORWAY,214.98,0.076,0.065,0.018
20151111125233-24km-D1-AGGRESSIVE-MOTORWAY,215.08,0.042,0.056,0.003
20151111125233-24km-D1-AGGRESSIVE-MOTORWAY,215.18,0.018,0.036,0.005
20151111125233-24km-D1-AGGRESSIVE-MOTORWAY,215.28,-0.05,-0.005,0.003
20151111125233-24km-D1-AGGRESSIVE-MOTORWAY,215.38,-0.038,-0.028,0.016
20151111125233-24km-D1-AGGRESSIVE-MOTORWAY,215.48,-0.007,-0.022,0.005
20151111125233-24km-D1-AGGRESSIVE-MOTORWAY,215.58,0.108,0.027,-0.001
20151111125233-24km-D1-AGGRESSIVE-MOTORWAY,215.7,-0.005,0.052,-0.007
20151111125233-24km-D1-AGGRESSIVE-MOTORWAY,215.79,-0.121,-0.04,-0.013
20151111125233-24km-D1-AGGRESSIVE-MOTORWAY,215.9,-0.158,-0.109,-0.001
20151111125233-24km-D1-AGGRESSIVE-MOTORWAY,215.99,-0.057,-0.107,0.001
20151111125233-24km-D1-AGGRESSIVE-MOTORWAY,216.09,0.043,-0.028,-0.004
20151111125233-24km-D1-AGGRESSIVE-MOTORWAY,216.19,0.069,0.03,0.002
20151111125233-24km-D1-AGGRESSIVE-MOTORWAY,216.29,0.031,0.038,-0.002
20151111125233-24km-D1-AGGRESSIVE-MOTORWAY,216.39,0.013,0.03,-0.006
20151111125233-24km-D1-AGGRESSIVE-MOTORWAY,216.49,-0.014,0.005,0.003
20151111125233-24km-D1-AGGRESSIVE-MOTORWAY,216.59,-0.013,-0.014,0.025
20151111125233-24km-D1-AGGRESSIVE-MOTORWAY,216.69,-0.001,-0.003,0.007
20151111125233-24km-D1-AGGRESSIVE-MOTORWAY,216.79,0.021,0.011,0.015
20151111125233-24km-D1-AGGRESSIVE-MOTORWAY,216.89,-0.046,-0.012,0.021
20151111125233-24km-D1-AGGRESSIVE-MOTORWAY,217.0,-0.02,-0.024,0.031
20151111125233-24km-D1-AGGRESSIVE-MOTORWAY,217.1,0.006,-0.013,0.03
20151111125233-24km-D1-AGGRESSIVE-MOTORWAY,217.2,-0.004,-0.001,0.012
20151111125233-24km-D1-AGGRESSIVE-MOTORWAY,217.29,-0.026,-0.014,0.019
20151111125233-24km-D1-AGGRESSIVE-MOTORWAY,217.39,0.037,0.001,0.013
20151111125233-24km-D1-AGGRESSIVE-MOTORWAY,217.5,0.03,0.025,0.015
20151111125233-24km-D1-AGGRESSIVE-MOTORWAY,217.6,-0.009,0.009,0.02
20151111125233-24km-D1-AGGRESSIVE-MOTORWAY,217.69,-0.02,-0.006,0.013
20151111125233-24km-D1-AGGRESSIVE-MOTORWAY,217.79,-0.039,-0.02,0.022
20151111125233-24km-D1-AGGRESSIVE-MOTORWAY,217.89,0.0,-0.015,0.012
20151111125233-24km-D1-AGGRESSIVE-MOTORWAY,217.99,-0.031,-0.019,0.014
20151111125233-24km-D1-AGGRESSIVE-MOTORWAY,218.09,0.013,-0.009,0.02
20151111125233-24km-D1-AGGRESSIVE-MOTORWAY,218.19,-0.007,-0.001,0.019
20151111125233-24km-D1-AGGRESSIVE-MOTORWAY,218.3,0.023,0.002,0.004
20151111125233-24km-D1-AGGRESSIVE-MOTORWAY,218.39,-0.022,0.002,0.015
20151111125233-24km-D1-AGGRESSIVE-MOTORWAY,218.5,-0.068,-0.039,0.011
20151111125233-24km-D1-AGGRESSIVE-MOTORWAY,218.59,-0.009,-0.034,0.012
20151111125233-24km-D1-AGGRESSIVE-MOTORWAY,218.69,0.097,0.035,0.016
20151111125233-24km-D1-AGGRESSIVE-MOTORWAY,218.8,0.041,0.048,0.007
20151111125233-24km-D1-AGGRESSIVE-MOTORWAY,218.9,-0.065,0.004,0.009
20151111125233-24km-D1-AGGRESSIVE-MOTORWAY,219.01,-0.15,-0.079,0.004
20151111125233-24km-D1-AGGRESSIVE-MOTORWAY,219.1,-0.086,-0.109,-0.007
20151111125233-24km-D1-AGGRESSIVE-MOTORWAY,219.2,0.051,-0.034,0.01
20151111125233-24km-D1-AGGRESSIVE-MOTORWAY,219.3,0.004,0.014,-0.012
20151111125233-24km-D1-AGGRESSIVE-MOTORWAY,219.4,-0.032,-0.014,-0.01
20151111125233-24km-D1-AGGRESSIVE-MOTORWAY,219.5,0.035,-0.002,-0.004
20151111125233-24km-D1-AGGRESSIVE-MOTORWAY,219.6,0.031,0.026,-0.015
20151111125233-24km-D1-AGGRESSIVE-MOTORWAY,219.7,-0.013,0.008,-0.036
20151111125233-24km-D1-AGGRESSIVE-MOTORWAY,219.8,-0.055,-0.016,-0.019
20151111125233-24km-D1-AGGRESSIVE-MOTORWAY,219.9,-0.089,-0.056,-0.007
20151111125233-24km-D1-AGGRESSIVE-MOTORWAY,220.0,-0.046,-0.069,-0.019
20151111125233-24km-D1-AGGRESSIVE-MOTORWAY,220.11,0.028,-0.021,0.003
20151111125233-24km-D1-AGGRESSIVE-MOTORWAY,220.21,0.012,0.006,0.008
20151111125233-24km-D1-AGGRESSIVE-MOTORWAY,220.31,-0.009,0.002,0.012
20151111125233-24km-D1-AGGRESSIVE-MOTORWAY,220.4,-0.007,-0.008,-0.004
20151111125233-24km-D1-AGGRESSIVE-MOTORWAY,220.5,0.015,-0.002,-0.005
20151111125233-24km-D1-AGGRESSIVE-MOTORWAY,220.6,0.032,0.013,-0.008
20151111125233-24km-D1-AGGRESSIVE-MOTORWAY,220.7,0.042,0.032,0.01
20151111125233-24km-D1-AGGRESSIVE-MOTORWAY,220.8,0.05,0.042,0.013
20151111125233-24km-D1-AGGRESSIVE-MOTORWAY,220.9,-0.071,0.007,0.024
20151111125233-24km-D1-AGGRESSIVE-MOTORWAY,221.0,-0.135,-0.071,0.029
20151111125233-24km-D1-AGGRESSIVE-MOTORWAY,221.1,-0.107,-0.111,0.035
20151111125233-24km-D1-AGGRESSIVE-MOTORWAY,221.21,-0.053,-0.082,0.031
20151111125233-24km-D1-AGGRESSIVE-MOTORWAY,221.3,0.067,-0.02,0.039
20151111125233-24km-D1-AGGRESSIVE-MOTORWAY,221.41,0.127,0.071,0.028
20151111125233-24km-D1-AGGRESSIVE-MOTORWAY,221.51,0.027,0.065,0.038
20151111125233-24km-D1-AGGRESSIVE-MOTORWAY,221.6,-0.006,0.029,0.03
20151111125233-24km-D1-AGGRESSIVE-MOTORWAY,221.71,-0.014,-0.002,0.031
20151111125233-24km-D1-AGGRESSIVE-MOTORWAY,221.8,0.021,0.009,0.023
20151111125233-24km-D1-AGGRESSIVE-MOTORWAY,221.91,0.017,0.011,0.004
20151111125233-24km-D1-AGGRESSIVE-MOTORWAY,222.01,-0.024,0.001,0.006
20151111125233-24km-D1-AGGRESSIVE-MOTORWAY,222.11,0.001,-0.01,0.003
20151111125233-24km-D1-AGGRESSIVE-MOTORWAY,222.21,-0.011,-0.006,0.026
20151111125233-24km-D1-AGGRESSIVE-MOTORWAY,222.31,-0.077,-0.037,0.028
20151111125233-24km-D1-AGGRESSIVE-MOTORWAY,222.41,-0.04,-0.05,0.033
20151111125233-24km-D1-AGGRESSIVE-MOTORWAY,222.51,0.003,-0.031,0.033
20151111125233-24km-D1-AGGRESSIVE-MOTORWAY,222.62,-0.047,-0.019,0.041
20151111125233-24km-D1-AGGRESSIVE-MOTORWAY,222.71,-0.045,-0.038,0.024
20151111125233-24km-D1-AGGRESSIVE-MOTORWAY,222.81,-0.07,-0.047,0.019
20151111125233-24km-D1-AGGRESSIVE-MOTORWAY,222.91,-0.122,-0.087,0.034
20151111125233-24km-D1-AGGRESSIVE-MOTORWAY,223.02,-0.076,-0.096,0.032
20151111125233-24km-D1-AGGRESSIVE-MOTORWAY,223.11,-0.007,-0.048,0.027
20151111125233-24km-D1-AGGRESSIVE-MOTORWAY,223.21,-0.085,-0.048,0.024
20151111125233-24km-D1-AGGRESSIVE-MOTORWAY,223.31,-0.124,-0.099,-0.001
20151111125233-24km-D1-AGGRESSIVE-MOTORWAY,223.41,-0.137,-0.114,0.012
20151111125233-24km-D1-AGGRESSIVE-MOTORWAY,223.51,-0.149,-0.141,0.003
20151111125233-24km-D1-AGGRESSIVE-MOTORWAY,223.62,-0.036,-0.107,-0.006
20151111125233-24km-D1-AGGRESSIVE-MOTORWAY,223.71,0.043,-0.013,0.004
20151111125233-24km-D1-AGGRESSIVE-MOTORWAY,223.82,-0.006,-0.003,-0.005
20151111125233-24km-D1-AGGRESSIVE-MOTORWAY,223.91,0.039,0.017,-0.005
20151111125233-24km-D1-AGGRESSIVE-MOTORWAY,224.01,-0.043,0.002,0.01
20151111125233-24km-D1-AGGRESSIVE-MOTORWAY,224.11,0.037,-0.004,0.001
20151111125233-24km-D1-AGGRESSIVE-MOTORWAY,224.22,0.053,0.032,0.004
20151111125233-24km-D1-AGGRESSIVE-MOTORWAY,224.31,0.052,0.04,-0.01
20151111125233-24km-D1-AGGRESSIVE-MOTORWAY,224.42,0.059,0.054,-0.012
20151111125233-24km-D1-AGGRESSIVE-MOTORWAY,224.52,0.07,0.059,-0.009
20151111125233-24km-D1-AGGRESSIVE-MOTORWAY,224.61,-0.003,0.045,-0.004
20151111125233-24km-D1-AGGRESSIVE-MOTORWAY,224.71,-0.061,-0.014,-0.009
20151111125233-24km-D1-AGGRESSIVE-MOTORWAY,224.81,-0.023,-0.028,-0.038
20151111125233-24km-D1-AGGRESSIVE-MOTORWAY,224.91,-0.043,-0.029,-0.039
20151111125233-24km-D1-AGGRESSIVE-MOTORWAY,225.02,-0.003,-0.03,-0.035
20151111125233-24km-D1-AGGRESSIVE-MOTORWAY,225.12,-0.017,-0.015,-0.041
20151111125233-24km-D1-AGGRESSIVE-MOTORWAY,225.22,0.009,-0.005,-0.039
20151111125233-24km-D1-AGGRESSIVE-MOTORWAY,225.32,-0.009,-0.004,-0.026
20151111125233-24km-D1-AGGRESSIVE-MOTORWAY,225.42,-0.052,-0.026,-0.013
20151111125233-24km-D1-AGGRESSIVE-MOTORWAY,225.52,-0.029,-0.03,-0.012
20151111125233-24km-D1-AGGRESSIVE-MOTORWAY,225.63,-0.001,-0.019,-0.013
20151111125233-24km-D1-AGGRESSIVE-MOTORWAY,225.73,-0.032,-0.02,0.001
20151111125233-24km-D1-AGGRESSIVE-MOTORWAY,225.82,0.015,-0.013,0.014
20151111125233-24km-D1-AGGRESSIVE-MOTORWAY,225.92,0.02,0.01,0.008
20151111125233-24km-D1-AGGRESSIVE-MOTORWAY,226.02,0.006,0.01,0.017
20151111125233-24km-D1-AGGRESSIVE-MOTORWAY,226.12,-0.016,0.004,0.009
20151111125233-24km-D1-AGGRESSIVE-MOTORWAY,226.23,-0.048,-0.027,0.012
20151111125233-24km-D1-AGGRESSIVE-MOTORWAY,226.32,0.002,-0.034,0.005
20151111125233-24km-D1-AGGRESSIVE-MOTORWAY,226.42,0.024,0.013,0.017
20151111125233-24km-D1-AGGRESSIVE-MOTORWAY,226.52,-0.066,-0.015,0.008
20151111125233-24km-D1-AGGRESSIVE-MOTORWAY,226.62,-0.057,-0.046,-0.001
20151111125233-24km-D1-AGGRESSIVE-MOTORWAY,226.73,0.009,-0.021,0.014
20151111125233-24km-D1-AGGRESSIVE-MOTORWAY,226.83,0.041,0.012,0.006
20151111125233-24km-D1-AGGRESSIVE-MOTORWAY,226.93,-0.026,-0.002,-0.025
20151111125233-24km-D1-AGGRESSIVE-MOTORWAY,227.02,0.009,-0.001,-0.04
20151111125233-24km-D1-AGGRESSIVE-MOTORWAY,227.12,-0.037,-0.012,-0.028
20151111125233-24km-D1-AGGRESSIVE-MOTORWAY,227.22,-0.059,-0.039,-0.025
20151111125233-24km-D1-AGGRESSIVE-MOTORWAY,227.32,-0.029,-0.042,-0.023
20151111125233-24km-D1-AGGRESSIVE-MOTORWAY,227.43,-0.009,-0.023,-0.023
20151111125233-24km-D1-AGGRESSIVE-MOTORWAY,227.52,0.061,0.013,-0.003
20151111125233-24km-D1-AGGRESSIVE-MOTORWAY,227.62,0.012,0.026,0.017
20151111125233-24km-D1-AGGRESSIVE-MOTORWAY,227.72,0.025,0.012,-0.018
20151111125233-24km-D1-AGGRESSIVE-MOTORWAY,227.82,0.069,0.043,-0.054
20151111125233-24km-D1-AGGRESSIVE-MOTORWAY,227.92,0.025,0.045,-0.012
20151111125233-24km-D1-AGGRESSIVE-MOTORWAY,228.03,-0.103,-0.015,0.012
20151111125233-24km-D1-AGGRESSIVE-MOTORWAY,228.14,-0.119,-0.084,0.011
20151111125233-24km-D1-AGGRESSIVE-MOTORWAY,228.22,0.009,-0.062,0.013
20151111125233-24km-D1-AGGRESSIVE-MOTORWAY,228.32,0.034,0.003,-0.005
20151111125233-24km-D1-AGGRESSIVE-MOTORWAY,228.42,0.079,0.047,-0.013
20151111125233-24km-D1-AGGRESSIVE-MOTORWAY,228.53,-0.066,0.014,-0.016
20151111125233-24km-D1-AGGRESSIVE-MOTORWAY,228.63,-0.106,-0.061,0.004
20151111125233-24km-D1-AGGRESSIVE-MOTORWAY,228.73,-0.018,-0.055,0.028
20151111125233-24km-D1-AGGRESSIVE-MOTORWAY,228.83,-0.102,-0.057,0.036
20151111125233-24km-D1-AGGRESSIVE-MOTORWAY,228.93,-0.118,-0.099,-0.006
20151111125233-24km-D1-AGGRESSIVE-MOTORWAY,229.03,-0.062,-0.101,-0.02
20151111125233-24km-D1-AGGRESSIVE-MOTORWAY,229.13,0.066,-0.034,-0.022
20151111125233-24km-D1-AGGRESSIVE-MOTORWAY,229.23,0.128,0.073,0.003
20151111125233-24km-D1-AGGRESSIVE-MOTORWAY,229.33,0.028,0.067,-0.0
20151111125233-24km-D1-AGGRESSIVE-MOTORWAY,229.43,-0.009,0.029,-0.022
20151111125233-24km-D1-AGGRESSIVE-MOTORWAY,229.53,-0.035,-0.006,-0.03
20151111125233-24km-D1-AGGRESSIVE-MOTORWAY,229.63,-0.108,-0.053,-0.051
20151111125233-24km-D1-AGGRESSIVE-MOTORWAY,229.74,-0.054,-0.062,-0.056
20151111125233-24km-D1-AGGRESSIVE-MOTORWAY,229.84,-0.123,-0.099,-0.063
20151111125233-24km-D1-AGGRESSIVE-MOTORWAY,229.94,0.06,-0.028,-0.025
20151111125233-24km-D1-AGGRESSIVE-MOTORWAY,230.13,0.09,0.051,-0.052
20151111125233-24km-D1-AGGRESSIVE-MOTORWAY,230.23,0.056,0.06,-0.092
20151111125233-24km-D1-AGGRESSIVE-MOTORWAY,230.34,-0.01,0.041,-0.069
20151111125233-24km-D1-AGGRESSIVE-MOTORWAY,230.43,-0.126,-0.046,-0.054
20151111125233-24km-D1-AGGRESSIVE-MOTORWAY,230.54,-0.085,-0.087,-0.031
20151111125233-24km-D1-AGGRESSIVE-MOTORWAY,230.63,-0.01,-0.057,-0.023
20151111125233-24km-D1-AGGRESSIVE-MOTORWAY,230.73,0.017,-0.003,-0.011
20151111125233-24km-D1-AGGRESSIVE-MOTORWAY,230.83,0.025,0.008,-0.02
20151111125233-24km-D1-AGGRESSIVE-MOTORWAY,230.93,-0.037,-0.003,-0.013
20151111125233-24km-D1-AGGRESSIVE-MOTORWAY,231.03,-0.022,-0.027,-0.011
20151111125233-24km-D1-AGGRESSIVE-MOTORWAY,231.14,0.069,0.013,-0.012
20151111125233-24km-D1-AGGRESSIVE-MOTORWAY,231.24,0.019,0.036,-0.027
20151111125233-24km-D1-AGGRESSIVE-MOTORWAY,231.33,-0.005,0.02,-0.023
20151111125233-24km-D1-AGGRESSIVE-MOTORWAY,231.43,-0.126,-0.056,-0.006
20151111125233-24km-D1-AGGRESSIVE-MOTORWAY,231.54,-0.063,-0.07,0.001
20151111125233-24km-D1-AGGRESSIVE-MOTORWAY,231.63,-0.037,-0.054,-0.028
20151111125233-24km-D1-AGGRESSIVE-MOTORWAY,231.74,0.028,-0.022,-0.033
20151111125233-24km-D1-AGGRESSIVE-MOTORWAY,231.84,0.034,0.013,-0.023
20151111125233-24km-D1-AGGRESSIVE-MOTORWAY,231.94,0.012,0.019,-0.022
20151111125233-24km-D1-AGGRESSIVE-MOTORWAY,232.04,0.077,0.037,-0.029
20151111125233-24km-D1-AGGRESSIVE-MOTORWAY,232.14,-0.038,0.026,-0.024
20151111125233-24km-D1-AGGRESSIVE-MOTORWAY,232.24,-0.105,-0.047,-0.04
20151111125233-24km-D1-AGGRESSIVE-MOTORWAY,232.34,-0.035,-0.056,-0.028
20151111125233-24km-D1-AGGRESSIVE-MOTORWAY,232.44,-0.011,-0.027,-0.013
20151111125233-24km-D1-AGGRESSIVE-MOTORWAY,232.54,-0.028,-0.023,-0.026
20151111125233-24km-D1-AGGRESSIVE-MOTORWAY,232.64,0.034,-0.012,-0.033
20151111125233-24km-D1-AGGRESSIVE-MOTORWAY,232.75,0.01,0.017,-0.012
20151111125233-24km-D1-AGGRESSIVE-MOTORWAY,232.84,-0.075,-0.024,-0.006
20151111125233-24km-D1-AGGRESSIVE-MOTORWAY,232.94,-0.071,-0.058,-0.004
20151111125233-24km-D1-AGGRESSIVE-MOTORWAY,233.04,0.019,-0.039,0.01
20151111125233-24km-D1-AGGRESSIVE-MOTORWAY,233.14,0.09,0.034,-0.003
20151111125233-24km-D1-AGGRESSIVE-MOTORWAY,233.24,0.023,0.045,-0.017
20151111125233-24km-D1-AGGRESSIVE-MOTORWAY,233.35,-0.029,0.007,-0.016
20151111125233-24km-D1-AGGRESSIVE-MOTORWAY,233.44,-0.052,-0.019,-0.001
20151111125233-24km-D1-AGGRESSIVE-MOTORWAY,233.55,-0.034,-0.04,0.001
20151111125233-24km-D1-AGGRESSIVE-MOTORWAY,233.65,0.004,-0.018,-0.01
20151111125233-24km-D1-AGGRESSIVE-MOTORWAY,233.74,-0.002,-0.002,-0.019
20151111125233-24km-D1-AGGRESSIVE-MOTORWAY,233.84,-0.026,-0.016,-0.001
20151111125233-24km-D1-AGGRESSIVE-MOTORWAY,233.94,0.004,-0.01,0.011
20151111125233-24km-D1-AGGRESSIVE-MOTORWAY,234.04,-0.035,-0.02,0.013
20151111125233-24km-D1-AGGRESSIVE-MOTORWAY,234.14,-0.061,-0.037,0.018
20151111125233-24km-D1-AGGRESSIVE-MOTORWAY,234.24,-0.019,-0.046,0.001
20151111125233-24km-D1-AGGRESSIVE-MOTORWAY,234.34,0.131,0.034,0.001
20151111125233-24km-D1-AGGRESSIVE-MOTORWAY,234.45,0.0,0.064,0.014
20151111125233-24km-D1-AGGRESSIVE-MOTORWAY,234.54,-0.099,-0.035,0.006
20151111125233-24km-D1-AGGRESSIVE-MOTORWAY,234.65,-0.045,-0.047,0.025
20151111125233-24km-D1-AGGRESSIVE-MOTORWAY,234.75,-0.039,-0.049,0.024
20151111125233-24km-D1-AGGRESSIVE-MOTORWAY,234.85,0.031,-0.01,0.02
20151111125233-24km-D1-AGGRESSIVE-MOTORWAY,234.95,-0.062,-0.019,0.045
20151111125233-24km-D1-AGGRESSIVE-MOTORWAY,235.05,-0.052,-0.049,0.042
20151111125233-24km-D1-AGGRESSIVE-MOTORWAY,235.15,0.013,-0.026,0.028
20151111125233-24km-D1-AGGRESSIVE-MOTORWAY,235.26,0.034,0.017,0.015
20151111125233-24km-D1-AGGRESSIVE-MOTORWAY,235.35,-0.042,-0.009,0.015
20151111125233-24km-D1-AGGRESSIVE-MOTORWAY,235.45,-0.045,-0.027,0.021
20151111125233-24km-D1-AGGRESSIVE-MOTORWAY,235.55,-0.047,-0.044,0.021
20151111125233-24km-D1-AGGRESSIVE-MOTORWAY,235.65,0.005,-0.023,0.017
20151111125233-24km-D1-AGGRESSIVE-MOTORWAY,235.75,-0.005,-0.008,0.011
20151111125233-24km-D1-AGGRESSIVE-MOTORWAY,235.85,0.035,0.006,0.017
20151111125233-24km-D1-AGGRESSIVE-MOTORWAY,235.96,-0.017,0.012,-0.014
20151111125233-24km-D1-AGGRESSIVE-MOTORWAY,236.06,-0.061,-0.031,-0.014
20151111125233-24km-D1-AGGRESSIVE-MOTORWAY,236.15,-0.034,-0.037,0.016
20151111125233-24km-D1-AGGRESSIVE-MOTORWAY,236.25,-0.011,-0.028,0.04
20151111125233-24km-D1-AGGRESSIVE-MOTORWAY,236.35,-0.011,-0.021,0.019
20151111125233-24km-D1-AGGRESSIVE-MOTORWAY,236.46,0.012,-0.01,0.009
20151111125233-24km-D1-AGGRESSIVE-MOTORWAY,236.56,-0.031,-0.005,0.01
20151111125233-24km-D1-AGGRESSIVE-MOTORWAY,236.66,0.025,0.002,0.009
20151111125233-24km-D1-AGGRESSIVE-MOTORWAY,236.75,0.03,0.017,0.02
20151111125233-24km-D1-AGGRESSIVE-MOTORWAY,236.85,0.025,0.025,0.022
20151111125233-24km-D1-AGGRESSIVE-MOTORWAY,236.95,-0.047,-0.002,0.024
20151111125233-24km-D1-AGGRESSIVE-MOTORWAY,237.05,-0.121,-0.065,0.004
20151111125233-24km-D1-AGGRESSIVE-MOTORWAY,237.15,-0.012,-0.062,-0.009
20151111125233-24km-D1-AGGRESSIVE-MOTORWAY,237.25,0.046,0.001,-0.002
20151111125233-24km-D1-AGGRESSIVE-MOTORWAY,237.35,-0.012,0.012,-0.022
20151111125233-24km-D1-AGGRESSIVE-MOTORWAY,237.45,0.027,0.008,-0.006
20151111125233-24km-D1-AGGRESSIVE-MOTORWAY,237.55,0.008,0.011,0.005
20151111125233-24km-D1-AGGRESSIVE-MOTORWAY,237.66,-0.083,-0.027,0.015
20151111125233-24km-D1-AGGRESSIVE-MOTORWAY,237.76,-0.028,-0.044,0.007
20151111125233-24km-D1-AGGRESSIVE-MOTORWAY,237.86,-0.002,-0.027,-0.001
20151111125233-24km-D1-AGGRESSIVE-MOTORWAY,237.96,0.019,-0.001,-0.009
20151111125233-24km-D1-AGGRESSIVE-MOTORWAY,238.05,0.018,0.016,-0.013
20151111125233-24km-D1-AGGRESSIVE-MOTORWAY,238.16,-0.047,-0.004,0.013
20151111125233-24km-D1-AGGRESSIVE-MOTORWAY,238.26,-0.028,-0.025,0.012
20151111125233-24km-D1-AGGRESSIVE-MOTORWAY,238.36,0.021,-0.01,0.009
20151111125233-24km-D1-AGGRESSIVE-MOTORWAY,238.46,-0.023,-0.005,-0.005
20151111125233-24km-D1-AGGRESSIVE-MOTORWAY,238.56,-0.009,-0.015,-0.012
20151111125233-24km-D1-AGGRESSIVE-MOTORWAY,238.66,-0.012,-0.011,-0.006
20151111125233-24km-D1-AGGRESSIVE-MOTORWAY,238.76,0.002,-0.011,-0.008
20151111125233-24km-D1-AGGRESSIVE-MOTORWAY,238.87,-0.023,-0.003,-0.001
20151111125233-24km-D1-AGGRESSIVE-MOTORWAY,238.96,-0.045,-0.032,0.004
20151111125233-24km-D1-AGGRESSIVE-MOTORWAY,239.07,-0.027,-0.03,0.02
20151111125233-24km-D1-AGGRESSIVE-MOTORWAY,239.17,-0.017,-0.025,0.028
20151111125233-24km-D1-AGGRESSIVE-MOTORWAY,239.26,0.028,0.001,0.026
20151111125233-24km-D1-AGGRESSIVE-MOTORWAY,239.36,-0.009,0.001,0.042
20151111125233-24km-D1-AGGRESSIVE-MOTORWAY,239.47,-0.02,-0.003,0.03
20151111125233-24km-D1-AGGRESSIVE-MOTORWAY,239.56,-0.021,-0.024,0.023
20151111125233-24km-D1-AGGRESSIVE-MOTORWAY,239.66,-0.009,-0.014,0.016
20151111125233-24km-D1-AGGRESSIVE-MOTORWAY,239.76,-0.013,-0.014,-0.01
20151111125233-24km-D1-AGGRESSIVE-MOTORWAY,239.86,0.013,-0.001,-0.016
20151111125233-24km-D1-AGGRESSIVE-MOTORWAY,239.96,-0.003,0.005,-0.024
20151111125233-24km-D1-AGGRESSIVE-MOTORWAY,240.16,-0.02,-0.016,-0.025
20151111125233-24km-D1-AGGRESSIVE-MOTORWAY,240.27,-0.021,-0.019,-0.009
20151111125233-24km-D1-AGGRESSIVE-MOTORWAY,240.36,-0.008,-0.019,-0.001
20151111125233-24km-D1-AGGRESSIVE-MOTORWAY,240.46,0.02,-0.001,-0.014
20151111125233-24km-D1-AGGRESSIVE-MOTORWAY,240.56,-0.017,-0.001,-0.017
20151111125233-24km-D1-AGGRESSIVE-MOTORWAY,240.66,-0.048,-0.017,-0.0
20151111125233-24km-D1-AGGRESSIVE-MOTORWAY,240.77,0.015,-0.022,-0.002
20151111125233-24km-D1-AGGRESSIVE-MOTORWAY,240.87,0.023,0.004,-0.005
20151111125233-24km-D1-AGGRESSIVE-MOTORWAY,240.96,0.019,0.024,0.008
20151111125233-24km-D1-AGGRESSIVE-MOTORWAY,241.07,-0.042,-0.008,-0.011
20151111125233-24km-D1-AGGRESSIVE-MOTORWAY,241.16,-0.026,-0.023,0.005
20151111125233-24km-D1-AGGRESSIVE-MOTORWAY,241.27,-0.042,-0.028,0.019
20151111125233-24km-D1-AGGRESSIVE-MOTORWAY,241.36,-0.035,-0.037,0.038
20151111125233-24km-D1-AGGRESSIVE-MOTORWAY,241.47,-0.015,-0.028,0.055
20151111125233-24km-D1-AGGRESSIVE-MOTORWAY,241.57,-0.005,-0.018,0.059
20151111125233-24km-D1-AGGRESSIVE-MOTORWAY,241.67,-0.004,-0.004,0.046
20151111125233-24km-D1-AGGRESSIVE-MOTORWAY,241.77,-0.008,-0.01,0.045
20151111125233-24km-D1-AGGRESSIVE-MOTORWAY,241.87,-0.009,-0.004,0.053
20151111125233-24km-D1-AGGRESSIVE-MOTORWAY,241.97,-0.003,-0.011,0.067
20151111125233-24km-D1-AGGRESSIVE-MOTORWAY,242.08,-0.005,-0.005,0.038
20151111125233-24km-D1-AGGRESSIVE-MOTORWAY,242.18,0.005,-0.0,0.015
20151111125233-24km-D1-AGGRESSIVE-MOTORWAY,242.27,-0.058,-0.017,0.026
20151111125233-24km-D1-AGGRESSIVE-MOTORWAY,242.37,-0.059,-0.049,0.061
20151111125233-24km-D1-AGGRESSIVE-MOTORWAY,242.47,-0.015,-0.039,0.048
20151111125233-24km-D1-AGGRESSIVE-MOTORWAY,242.57,-0.065,-0.04,0.026
20151111125233-24km-D1-AGGRESSIVE-MOTORWAY,242.68,-0.034,-0.046,0.001
20151111125233-24km-D1-AGGRESSIVE-MOTORWAY,242.77,-0.011,-0.03,-0.008
20151111125233-24km-D1-AGGRESSIVE-MOTORWAY,242.87,-0.012,-0.021,-0.016
20151111125233-24km-D1-AGGRESSIVE-MOTORWAY,242.97,0.033,0.004,-0.011
20151111125233-24km-D1-AGGRESSIVE-MOTORWAY,243.07,0.011,0.019,0.002
20151111125233-24km-D1-AGGRESSIVE-MOTORWAY,243.17,0.02,0.018,-0.018
20151111125233-24km-D1-AGGRESSIVE-MOTORWAY,243.27,0.049,0.033,0.003
20151111125233-24km-D1-AGGRESSIVE-MOTORWAY,243.38,-0.007,0.015,-0.008
20151111125233-24km-D1-AGGRESSIVE-MOTORWAY,243.47,0.028,0.008,-0.018
20151111125233-24km-D1-AGGRESSIVE-MOTORWAY,243.58,-0.035,0.006,-0.02
20151111125233-24km-D1-AGGRESSIVE-MOTORWAY,243.67,-0.055,-0.029,-0.021
20151111125233-24km-D1-AGGRESSIVE-MOTORWAY,243.77,-0.026,-0.035,-0.019
20151111125233-24km-D1-AGGRESSIVE-MOTORWAY,243.87,0.023,-0.016,-0.004
20151111125233-24km-D1-AGGRESSIVE-MOTORWAY,243.97,-0.039,-0.011,-0.004
20151111125233-24km-D1-AGGRESSIVE-MOTORWAY,244.07,-0.028,-0.03,-0.007
20151111125233-24km-D1-AGGRESSIVE-MOTORWAY,244.17,0.025,0.003,-0.004
20151111125233-24km-D1-AGGRESSIVE-MOTORWAY,244.27,0.008,0.005,-0.016
20151111125233-24km-D1-AGGRESSIVE-MOTORWAY,244.37,-0.018,-0.001,-0.034
20151111125233-24km-D1-AGGRESSIVE-MOTORWAY,244.47,-0.021,-0.017,-0.033
20151111125233-24km-D1-AGGRESSIVE-MOTORWAY,244.58,-0.023,-0.017,-0.038
20151111125233-24km-D1-AGGRESSIVE-MOTORWAY,244.68,0.004,-0.011,-0.059
20151111125233-24km-D1-AGGRESSIVE-MOTORWAY,244.77,-0.001,-0.004,-0.048
20151111125233-24km-D1-AGGRESSIVE-MOTORWAY,244.88,0.038,0.016,-0.06
20151111125233-24km-D1-AGGRESSIVE-MOTORWAY,244.98,-0.063,-0.02,-0.105
20151111125233-24km-D1-AGGRESSIVE-MOTORWAY,245.08,0.005,-0.018,-0.145
20151111125233-24km-D1-AGGRESSIVE-MOTORWAY,245.19,-0.006,-0.001,-0.187
20151111125233-24km-D1-AGGRESSIVE-MOTORWAY,245.28,-0.027,-0.018,-0.199
20151111125233-24km-D1-AGGRESSIVE-MOTORWAY,245.38,-0.021,-0.02,-0.194
20151111125233-24km-D1-AGGRESSIVE-MOTORWAY,245.48,-0.014,-0.02,-0.182
20151111125233-24km-D1-AGGRESSIVE-MOTORWAY,245.58,0.021,-0.003,-0.174
20151111125233-24km-D1-AGGRESSIVE-MOTORWAY,245.68,0.03,0.016,-0.13
20151111125233-24km-D1-AGGRESSIVE-MOTORWAY,245.79,-0.024,0.007,-0.092
20151111125233-24km-D1-AGGRESSIVE-MOTORWAY,245.88,-0.006,-0.002,-0.052
20151111125233-24km-D1-AGGRESSIVE-MOTORWAY,245.98,-0.037,-0.017,-0.011
20151111125233-24km-D1-AGGRESSIVE-MOTORWAY,246.08,-0.024,-0.029,-0.003
20151111125233-24km-D1-AGGRESSIVE-MOTORWAY,246.18,-0.011,-0.016,0.005
20151111125233-24km-D1-AGGRESSIVE-MOTORWAY,246.29,0.003,-0.012,0.027
20151111125233-24km-D1-AGGRESSIVE-MOTORWAY,246.39,-0.031,-0.016,0.034
20151111125233-24km-D1-AGGRESSIVE-MOTORWAY,246.49,-0.012,-0.014,0.049
20151111125233-24km-D1-AGGRESSIVE-MOTORWAY,246.58,-0.032,-0.024,0.051
20151111125233-24km-D1-AGGRESSIVE-MOTORWAY,246.68,-0.029,-0.033,0.069
20151111125233-24km-D1-AGGRESSIVE-MOTORWAY,246.78,0.012,-0.016,0.065
20151111125233-24km-D1-AGGRESSIVE-MOTORWAY,246.88,-0.012,-0.003,0.054
20151111125233-24km-D1-AGGRESSIVE-MOTORWAY,246.99,0.001,-0.006,0.049
20151111125233-24km-D1-AGGRESSIVE-MOTORWAY,247.08,-0.002,-0.001,0.075
20151111125233-24km-D1-AGGRESSIVE-MOTORWAY,247.18,-0.021,-0.001,0.078
20151111125233-24km-D1-AGGRESSIVE-MOTORWAY,247.28,-0.033,-0.029,0.084
20151111125233-24km-D1-AGGRESSIVE-MOTORWAY,247.38,-0.007,-0.022,0.078
20151111125233-24km-D1-AGGRESSIVE-MOTORWAY,247.48,-0.02,-0.011,0.064
20151111125233-24km-D1-AGGRESSIVE-MOTORWAY,247.59,-0.034,-0.028,0.067
20151111125233-24km-D1-AGGRESSIVE-MOTORWAY,247.68,-0.009,-0.018,0.076
20151111125233-24km-D1-AGGRESSIVE-MOTORWAY,247.78,0.018,-0.002,0.077
20151111125233-24km-D1-AGGRESSIVE-MOTORWAY,247.88,0.042,0.017,0.058
20151111125233-24km-D1-AGGRESSIVE-MOTORWAY,247.98,0.023,0.03,0.048
20151111125233-24km-D1-AGGRESSIVE-MOTORWAY,248.08,0.004,0.018,0.042
20151111125233-24km-D1-AGGRESSIVE-MOTORWAY,248.2,-0.039,-0.01,0.036
20151111125233-24km-D1-AGGRESSIVE-MOTORWAY,248.29,-0.076,-0.042,0.05
20151111125233-24km-D1-AGGRESSIVE-MOTORWAY,248.39,-0.036,-0.048,0.062
20151111125233-24km-D1-AGGRESSIVE-MOTORWAY,248.49,-0.009,-0.029,0.054
20151111125233-24km-D1-AGGRESSIVE-MOTORWAY,248.59,0.031,-0.0,0.022
20151111125233-24km-D1-AGGRESSIVE-MOTORWAY,248.69,0.04,0.021,0.007
20151111125233-24km-D1-AGGRESSIVE-MOTORWAY,248.8,-0.015,0.012,0.003
20151111125233-24km-D1-AGGRESSIVE-MOTORWAY,248.9,-0.013,0.003,0.006
20151111125233-24km-D1-AGGRESSIVE-MOTORWAY,248.99,-0.028,-0.015,0.01
20151111125233-24km-D1-AGGRESSIVE-MOTORWAY,249.09,-0.048,-0.034,0.004
20151111125233-24km-D1-AGGRESSIVE-MOTORWAY,249.19,-0.039,-0.044,0.011
20151111125233-24km-D1-AGGRESSIVE-MOTORWAY,249.29,-0.002,-0.026,0.005
20151111125233-24km-D1-AGGRESSIVE-MOTORWAY,249.39,0.051,0.018,-0.008
20151111125233-24km-D1-AGGRESSIVE-MOTORWAY,249.49,0.019,0.025,-0.002
20151111125233-24km-D1-AGGRESSIVE-MOTORWAY,249.59,0.011,0.009,0.011
20151111125233-24km-D1-AGGRESSIVE-MOTORWAY,249.69,-0.013,-0.003,0.017
20151111125233-24km-D1-AGGRESSIVE-MOTORWAY,249.79,-0.004,0.005,0.008
20151111125233-24km-D1-AGGRESSIVE-MOTORWAY,249.89,-0.011,0.003,0.024
20151111125233-24km-D1-AGGRESSIVE-MOTORWAY,250.0,-0.035,-0.02,0.038
20151111125233-24km-D1-AGGRESSIVE-MOTORWAY,250.1,-0.034,-0.032,0.041
20151111125233-24km-D1-AGGRESSIVE-MOTORWAY,250.19,0.001,-0.024,0.037
20151111125233-24km-D1-AGGRESSIVE-MOTORWAY,250.29,0.018,-0.001,0.037
20151111125233-24km-D1-AGGRESSIVE-MOTORWAY,250.4,0.03,0.015,0.023
20151111125233-24km-D1-AGGRESSIVE-MOTORWAY,250.5,0.0,0.019,0.01
20151111125233-24km-D1-AGGRESSIVE-MOTORWAY,250.6,-0.001,0.005,0.014
20151111125233-24km-D1-AGGRESSIVE-MOTORWAY,250.7,-0.012,0.001,-0.01
20151111125233-24km-D1-AGGRESSIVE-MOTORWAY,250.79,0.02,-0.002,-0.001
20151111125233-24km-D1-AGGRESSIVE-MOTORWAY,250.89,-0.003,0.009,0.013
20151111125233-24km-D1-AGGRESSIVE-MOTORWAY,251.0,-0.062,-0.021,-0.018
20151111125233-24km-D1-AGGRESSIVE-MOTORWAY,251.1,0.013,-0.027,-0.024
20151111125233-24km-D1-AGGRESSIVE-MOTORWAY,251.19,-0.018,0.008,0.009
20151111125233-24km-D1-AGGRESSIVE-MOTORWAY,251.3,-0.035,-0.034,0.012
20151111125233-24km-D1-AGGRESSIVE-MOTORWAY,251.39,0.001,-0.015,0.008
20151111125233-24km-D1-AGGRESSIVE-MOTORWAY,251.5,-0.012,-0.013,-0.02
20151111125233-24km-D1-AGGRESSIVE-MOTORWAY,251.6,-0.001,-0.003,-0.024
20151111125233-24km-D1-AGGRESSIVE-MOTORWAY,251.7,-0.037,-0.013,-0.02
20151111125233-24km-D1-AGGRESSIVE-MOTORWAY,251.8,-0.031,-0.037,-0.014
20151111125233-24km-D1-AGGRESSIVE-MOTORWAY,251.9,0.001,-0.016,-0.007
20151111125233-24km-D1-AGGRESSIVE-MOTORWAY,252.0,-0.016,-0.013,-0.011
20151111125233-24km-D1-AGGRESSIVE-MOTORWAY,252.1,-0.02,-0.013,-0.012
20151111125233-24km-D1-AGGRESSIVE-MOTORWAY,252.2,-0.022,-0.021,-0.013
20151111125233-24km-D1-AGGRESSIVE-MOTORWAY,252.3,-0.02,-0.023,-0.026
20151111125233-24km-D1-AGGRESSIVE-MOTORWAY,252.4,0.033,-0.004,-0.034
20151111125233-24km-D1-AGGRESSIVE-MOTORWAY,252.5,-0.044,-0.004,-0.04
20151111125233-24km-D1-AGGRESSIVE-MOTORWAY,252.6,-0.041,-0.037,-0.037
20151111125233-24km-D1-AGGRESSIVE-MOTORWAY,252.7,0.021,-0.01,-0.036
20151111125233-24km-D1-AGGRESSIVE-MOTORWAY,252.8,-0.047,-0.015,-0.057
20151111125233-24km-D1-AGGRESSIVE-MOTORWAY,252.91,-0.047,-0.04,-0.043
20151111125233-24km-D1-AGGRESSIVE-MOTORWAY,253.0,0.018,-0.015,-0.046
20151111125233-24km-D1-AGGRESSIVE-MOTORWAY,253.1,0.009,-0.003,-0.044
20151111125233-24km-D1-AGGRESSIVE-MOTORWAY,253.2,-0.003,0.0,-0.021
20151111125233-24km-D1-AGGRESSIVE-MOTORWAY,253.3,0.004,0.009,-0.019
20151111125233-24km-D1-AGGRESSIVE-MOTORWAY,253.4,-0.052,-0.019,-0.022
20151111125233-24km-D1-AGGRESSIVE-MOTORWAY,253.5,-0.01,-0.023,-0.017
20151111125233-24km-D1-AGGRESSIVE-MOTORWAY,253.6,-0.003,-0.011,-0.02
20151111125233-24km-D1-AGGRESSIVE-MOTORWAY,253.7,0.005,-0.002,-0.013
20151111125233-24km-D1-AGGRESSIVE-MOTORWAY,253.8,-0.001,-0.009,-0.019
20151111125233-24km-D1-AGGRESSIVE-MOTORWAY,253.9,0.033,0.016,-0.022
20151111125233-24km-D1-AGGRESSIVE-MOTORWAY,254.0,-0.084,-0.024,-0.0
20151111125233-24km-D1-AGGRESSIVE-MOTORWAY,254.1,-0.027,-0.035,-0.012
20151111125233-24km-D1-AGGRESSIVE-MOTORWAY,254.21,-0.005,-0.009,-0.006
20151111125233-24km-D1-AGGRESSIVE-MOTORWAY,254.31,-0.031,-0.021,0.004
20151111125233-24km-D1-AGGRESSIVE-MOTORWAY,254.4,-0.026,-0.035,-0.007
20151111125233-24km-D1-AGGRESSIVE-MOTORWAY,254.5,0.033,-0.01,-0.003
20151111125233-24km-D1-AGGRESSIVE-MOTORWAY,254.6,0.015,0.015,-0.002
20151111125233-24km-D1-AGGRESSIVE-MOTORWAY,254.7,-0.019,0.004,-0.005
20151111125233-24km-D1-AGGRESSIVE-MOTORWAY,254.81,0.011,-0.002,0.019
20151111125233-24km-D1-AGGRESSIVE-MOTORWAY,254.92,0.036,0.018,0.026
20151111125233-24km-D1-AGGRESSIVE-MOTORWAY,255.01,-0.037,0.005,0.022
20151111125233-24km-D1-AGGRESSIVE-MOTORWAY,255.11,-0.067,-0.04,0.012
20151111125233-24km-D1-AGGRESSIVE-MOTORWAY,255.21,-0.008,-0.033,0.013
20151111125233-24km-D1-AGGRESSIVE-MOTORWAY,255.31,-0.003,-0.017,0.017
20151111125233-24km-D1-AGGRESSIVE-MOTORWAY,255.41,-0.021,-0.017,0.004
20151111125233-24km-D1-AGGRESSIVE-MOTORWAY,255.52,0.034,0.006,0.002
20151111125233-24km-D1-AGGRESSIVE-MOTORWAY,255.62,-0.021,0.002,0.008
20151111125233-24km-D1-AGGRESSIVE-MOTORWAY,255.71,-0.06,-0.026,0.007
20151111125233-24km-D1-AGGRESSIVE-MOTORWAY,255.81,-0.032,-0.043,0.013
20151111125233-24km-D1-AGGRESSIVE-MOTORWAY,255.91,0.0,-0.02,0.012
20151111125233-24km-D1-AGGRESSIVE-MOTORWAY,256.02000000000004,-0.006,-0.007,0.007
20151111125233-24km-D1-AGGRESSIVE-MOTORWAY,256.11,-0.002,-0.005,-0.001
20151111125233-24km-D1-AGGRESSIVE-MOTORWAY,256.21000000000004,-0.023,-0.011,-0.01
20151111125233-24km-D1-AGGRESSIVE-MOTORWAY,256.31,-0.053,-0.027,-0.013
20151111125233-24km-D1-AGGRESSIVE-MOTORWAY,256.41,-0.024,-0.032,-0.016
20151111125233-24km-D1-AGGRESSIVE-MOTORWAY,256.51,0.007,-0.02,-0.011
20151111125233-24km-D1-AGGRESSIVE-MOTORWAY,256.62,0.013,-0.002,-0.001
20151111125233-24km-D1-AGGRESSIVE-MOTORWAY,256.71000000000004,-0.022,0.001,-0.01
20151111125233-24km-D1-AGGRESSIVE-MOTORWAY,256.81,-0.036,-0.027,-0.015
20151111125233-24km-D1-AGGRESSIVE-MOTORWAY,256.91,0.045,-0.008,-0.004
20151111125233-24km-D1-AGGRESSIVE-MOTORWAY,257.01,-0.045,0.007,-0.013
20151111125233-24km-D1-AGGRESSIVE-MOTORWAY,257.11,-0.065,-0.049,-0.008
20151111125233-24km-D1-AGGRESSIVE-MOTORWAY,257.21000000000004,-0.021,-0.037,0.0
20151111125233-24km-D1-AGGRESSIVE-MOTORWAY,257.31,0.056,0.007,0.013
20151111125233-24km-D1-AGGRESSIVE-MOTORWAY,257.41,0.037,0.032,0.028
20151111125233-24km-D1-AGGRESSIVE-MOTORWAY,257.52000000000004,-0.031,0.003,0.027
20151111125233-24km-D1-AGGRESSIVE-MOTORWAY,257.61,-0.05,-0.029,0.013
20151111125233-24km-D1-AGGRESSIVE-MOTORWAY,257.71000000000004,0.001,-0.015,0.025
20151111125233-24km-D1-AGGRESSIVE-MOTORWAY,257.81,-0.01,-0.007,0.027
20151111125233-24km-D1-AGGRESSIVE-MOTORWAY,257.91,-0.015,-0.013,0.019
20151111125233-24km-D1-AGGRESSIVE-MOTORWAY,258.03000000000003,0.022,-0.003,0.012
20151111125233-24km-D1-AGGRESSIVE-MOTORWAY,258.12,0.007,0.006,0.021
20151111125233-24km-D1-AGGRESSIVE-MOTORWAY,258.22,-0.041,-0.004,0.005
20151111125233-24km-D1-AGGRESSIVE-MOTORWAY,258.32,0.001,-0.012,0.008
20151111125233-24km-D1-AGGRESSIVE-MOTORWAY,258.42,-0.041,-0.024,0.015
20151111125233-24km-D1-AGGRESSIVE-MOTORWAY,258.52000000000004,-0.041,-0.033,0.001
20151111125233-24km-D1-AGGRESSIVE-MOTORWAY,258.63,-0.023,-0.027,0.008
20151111125233-24km-D1-AGGRESSIVE-MOTORWAY,258.73,-0.007,-0.025,0.013
20151111125233-24km-D1-AGGRESSIVE-MOTORWAY,258.82,0.028,0.003,-0.009
20151111125233-24km-D1-AGGRESSIVE-MOTORWAY,258.92,0.03,0.02,0.004
20151111125233-24km-D1-AGGRESSIVE-MOTORWAY,259.02000000000004,0.024,0.028,0.0
20151111125233-24km-D1-AGGRESSIVE-MOTORWAY,259.12,-0.057,-0.013,-0.002
20151111125233-24km-D1-AGGRESSIVE-MOTORWAY,259.22,-0.074,-0.051,0.005
20151111125233-24km-D1-AGGRESSIVE-MOTORWAY,259.33000000000004,-0.037,-0.057,-0.012
20151111125233-24km-D1-AGGRESSIVE-MOTORWAY,259.42,0.029,-0.004,-0.017
20151111125233-24km-D1-AGGRESSIVE-MOTORWAY,259.52000000000004,0.036,0.018,-0.003
20151111125233-24km-D1-AGGRESSIVE-MOTORWAY,259.64000000000004,0.012,0.022,0.005
20151111125233-24km-D1-AGGRESSIVE-MOTORWAY,259.72,-0.004,0.005,-0.003
20151111125233-24km-D1-AGGRESSIVE-MOTORWAY,259.82,-0.066,-0.023,-0.012
20151111125233-24km-D1-AGGRESSIVE-MOTORWAY,260.02000000000004,-0.039,-0.048,-0.004
20151111125233-24km-D1-AGGRESSIVE-MOTORWAY,260.12,0.042,-0.013,-0.005
20151111125233-24km-D1-AGGRESSIVE-MOTORWAY,260.22,0.077,0.031,0.005
20151111125233-24km-D1-AGGRESSIVE-MOTORWAY,260.32,-0.113,-0.012,-0.022
20151111125233-24km-D1-AGGRESSIVE-MOTORWAY,260.42,0.003,-0.044,-0.022
20151111125233-24km-D1-AGGRESSIVE-MOTORWAY,260.53000000000003,0.054,0.023,-0.001
20151111125233-24km-D1-AGGRESSIVE-MOTORWAY,260.62,-0.041,0.0,-0.022
20151111125233-24km-D1-AGGRESSIVE-MOTORWAY,260.72,0.032,0.007,-0.021
20151111125233-24km-D1-AGGRESSIVE-MOTORWAY,260.82,-0.002,0.02,-0.024
20151111125233-24km-D1-AGGRESSIVE-MOTORWAY,260.92,-0.069,-0.035,-0.045
20151111125233-24km-D1-AGGRESSIVE-MOTORWAY,261.03000000000003,0.012,-0.02,-0.05
20151111125233-24km-D1-AGGRESSIVE-MOTORWAY,261.14000000000004,-0.031,-0.018,-0.043
20151111125233-24km-D1-AGGRESSIVE-MOTORWAY,261.22,-0.016,-0.027,-0.037
20151111125233-24km-D1-AGGRESSIVE-MOTORWAY,261.33000000000004,-0.007,-0.015,-0.019
20151111125233-24km-D1-AGGRESSIVE-MOTORWAY,261.43,-0.019,-0.025,-0.032
20151111125233-24km-D1-AGGRESSIVE-MOTORWAY,261.53000000000003,-0.007,-0.003,-0.018
20151111125233-24km-D1-AGGRESSIVE-MOTORWAY,261.63,-0.025,-0.016,-0.014
20151111125233-24km-D1-AGGRESSIVE-MOTORWAY,261.73,0.011,-0.003,-0.01
20151111125233-24km-D1-AGGRESSIVE-MOTORWAY,261.83000000000004,0.016,0.008,0.007
20151111125233-24km-D1-AGGRESSIVE-MOTORWAY,261.93,-0.04,-0.005,-0.018
20151111125233-24km-D1-AGGRESSIVE-MOTORWAY,262.04,-0.026,-0.03,-0.005
20151111125233-24km-D1-AGGRESSIVE-MOTORWAY,262.13,-0.049,-0.031,-0.046
20151111125233-24km-D1-AGGRESSIVE-MOTORWAY,262.24,-0.013,-0.039,-0.05
20151111125233-24km-D1-AGGRESSIVE-MOTORWAY,262.33000000000004,0.015,0.006,-0.016
20151111125233-24km-D1-AGGRESSIVE-MOTORWAY,262.43,-0.02,-0.015,0.009
20151111125233-24km-D1-AGGRESSIVE-MOTORWAY,262.53000000000003,0.013,0.004,0.024
20151111125233-24km-D1-AGGRESSIVE-MOTORWAY,262.63,-0.017,-0.007,0.028
20151111125233-24km-D1-AGGRESSIVE-MOTORWAY,262.73,-0.041,-0.028,0.01
20151111125233-24km-D1-AGGRESSIVE-MOTORWAY,262.83000000000004,0.014,-0.012,-0.005
20151111125233-24km-D1-AGGRESSIVE-MOTORWAY,262.93,-0.025,-0.009,-0.014
20151111125233-24km-D1-AGGRESSIVE-MOTORWAY,263.03000000000003,-0.008,-0.015,-0.012
20151111125233-24km-D1-AGGRESSIVE-MOTORWAY,263.13,0.009,0.003,-0.021
20151111125233-24km-D1-AGGRESSIVE-MOTORWAY,263.23,-0.015,-0.006,-0.04
20151111125233-24km-D1-AGGRESSIVE-MOTORWAY,263.33000000000004,-0.006,-0.011,-0.035
20151111125233-24km-D1-AGGRESSIVE-MOTORWAY,263.45000000000005,0.037,0.002,-0.026
20151111125233-24km-D1-AGGRESSIVE-MOTORWAY,263.53000000000003,0.027,0.036,-0.039
20151111125233-24km-D1-AGGRESSIVE-MOTORWAY,263.63,0.053,0.034,-0.028
20151111125233-24km-D1-AGGRESSIVE-MOTORWAY,263.73,-0.042,0.01,-0.037
20151111125233-24km-D1-AGGRESSIVE-MOTORWAY,263.83000000000004,-0.028,-0.021,-0.036
20151111125233-24km-D1-AGGRESSIVE-MOTORWAY,263.93,0.003,-0.01,-0.019
20151111125233-24km-D1-AGGRESSIVE-MOTORWAY,264.04,0.01,-0.001,-0.004
20151111125233-24km-D1-AGGRESSIVE-MOTORWAY,264.14000000000004,0.004,0.007,0.009
20151111125233-24km-D1-AGGRESSIVE-MOTORWAY,264.25,-0.031,-0.011,0.015
20151111125233-24km-D1-AGGRESSIVE-MOTORWAY,264.33000000000004,-0.03,-0.025,0.026
20151111125233-24km-D1-AGGRESSIVE-MOTORWAY,264.43,0.027,-0.009,-0.005
20151111125233-24km-D1-AGGRESSIVE-MOTORWAY,264.53000000000003,-0.022,-0.005,-0.009
20151111125233-24km-D1-AGGRESSIVE-MOTORWAY,264.64000000000004,0.015,-0.003,0.002
20151111125233-24km-D1-AGGRESSIVE-MOTORWAY,264.74,-0.009,0.008,0.008
20151111125233-24km-D1-AGGRESSIVE-MOTORWAY,264.84000000000003,-0.057,-0.014,-0.02
20151111125233-24km-D1-AGGRESSIVE-MOTORWAY,264.94,-0.028,-0.045,-0.032
20151111125233-24km-D1-AGGRESSIVE-MOTORWAY,265.04,0.035,-0.002,-0.02
20151111125233-24km-D1-AGGRESSIVE-MOTORWAY,265.15000000000003,-0.098,-0.029,-0.023
20151111125233-24km-D1-AGGRESSIVE-MOTORWAY,265.24,-0.044,-0.076,-0.035
20151111125233-24km-D1-AGGRESSIVE-MOTORWAY,265.35,0.039,-0.005,-0.006
20151111125233-24km-D1-AGGRESSIVE-MOTORWAY,265.44,-0.041,-0.009,0.011
20151111125233-24km-D1-AGGRESSIVE-MOTORWAY,265.54,0.072,0.026,0.035
20151111125233-24km-D1-AGGRESSIVE-MOTORWAY,265.64000000000004,-0.026,0.003,0.023
20151111125233-24km-D1-AGGRESSIVE-MOTORWAY,265.75,-0.004,-0.011,-0.001
20151111125233-24km-D1-AGGRESSIVE-MOTORWAY,265.84000000000003,-0.052,-0.006,-0.014
20151111125233-24km-D1-AGGRESSIVE-MOTORWAY,265.94,-0.034,-0.031,-0.018
20151111125233-24km-D1-AGGRESSIVE-MOTORWAY,266.04,-0.005,-0.032,-0.022
20151111125233-24km-D1-AGGRESSIVE-MOTORWAY,266.14000000000004,-0.011,-0.018,-0.015
20151111125233-24km-D1-AGGRESSIVE-MOTORWAY,266.24,0.001,-0.012,-0.029
20151111125233-24km-D1-AGGRESSIVE-MOTORWAY,266.34000000000003,0.022,0.009,-0.028
20151111125233-24km-D1-AGGRESSIVE-MOTORWAY,266.44,-0.014,0.008,-0.022
20151111125233-24km-D1-AGGRESSIVE-MOTORWAY,266.55,-0.008,-0.01,-0.019
20151111125233-24km-D1-AGGRESSIVE-MOTORWAY,266.64000000000004,-0.017,-0.005,-0.015
20151111125233-24km-D1-AGGRESSIVE-MOTORWAY,266.74,-0.033,-0.019,-0.015
20151111125233-24km-D1-AGGRESSIVE-MOTORWAY,266.84000000000003,-0.056,-0.041,-0.01
20151111125233-24km-D1-AGGRESSIVE-MOTORWAY,266.94,-0.023,-0.037,-0.001
20151111125233-24km-D1-AGGRESSIVE-MOTORWAY,267.05,0.017,-0.006,0.011
20151111125233-24km-D1-AGGRESSIVE-MOTORWAY,267.14000000000004,0.012,0.002,0.01
20151111125233-24km-D1-AGGRESSIVE-MOTORWAY,267.24,0.032,0.017,0.004
20151111125233-24km-D1-AGGRESSIVE-MOTORWAY,267.34000000000003,-0.033,-0.001,-0.007
20151111125233-24km-D1-AGGRESSIVE-MOTORWAY,267.44,-0.014,-0.015,-0.027
20151111125233-24km-D1-AGGRESSIVE-MOTORWAY,267.54,-0.022,-0.016,-0.026
20151111125233-24km-D1-AGGRESSIVE-MOTORWAY,267.64000000000004,-0.013,-0.017,-0.009
20151111125233-24km-D1-AGGRESSIVE-MOTORWAY,267.75,-0.053,-0.033,-0.012
20151111125233-24km-D1-AGGRESSIVE-MOTORWAY,267.85,-0.005,-0.03,-0.023
20151111125233-24km-D1-AGGRESSIVE-MOTORWAY,267.95000000000005,0.007,-0.002,-0.01
20151111125233-24km-D1-AGGRESSIVE-MOTORWAY,268.05,-0.062,-0.024,-0.014
20151111125233-24km-D1-AGGRESSIVE-MOTORWAY,268.16,-0.016,-0.028,-0.011
20151111125233-24km-D1-AGGRESSIVE-MOTORWAY,268.25,-0.037,-0.032,-0.011
20151111125233-24km-D1-AGGRESSIVE-MOTORWAY,268.36,0.023,-0.012,-0.007
20151111125233-24km-D1-AGGRESSIVE-MOTORWAY,268.45000000000005,0.094,0.053,0.015
20151111125233-24km-D1-AGGRESSIVE-MOTORWAY,268.55,0.009,0.041,-0.005
20151111125233-24km-D1-AGGRESSIVE-MOTORWAY,268.65000000000003,-0.052,-0.01,-0.02
20151111125233-24km-D1-AGGRESSIVE-MOTORWAY,268.75,-0.066,-0.05,-0.004
20151111125233-24km-D1-AGGRESSIVE-MOTORWAY,268.85,-0.045,-0.054,0.001
20151111125233-24km-D1-AGGRESSIVE-MOTORWAY,268.96000000000004,-0.026,-0.039,-0.007
20151111125233-24km-D1-AGGRESSIVE-MOTORWAY,269.05,-0.002,-0.017,-0.007
20151111125233-24km-D1-AGGRESSIVE-MOTORWAY,269.16,-0.027,-0.023,0.001
20151111125233-24km-D1-AGGRESSIVE-MOTORWAY,269.25,0.014,0.005,-0.013
20151111125233-24km-D1-AGGRESSIVE-MOTORWAY,269.35,0.012,0.009,-0.003
20151111125233-24km-D1-AGGRESSIVE-MOTORWAY,269.45000000000005,-0.001,-0.003,0.014
20151111125233-24km-D1-AGGRESSIVE-MOTORWAY,269.56,-0.0,0.001,-0.004
20151111125233-24km-D1-AGGRESSIVE-MOTORWAY,269.66,0.028,0.008,-0.011
20151111125233-24km-D1-AGGRESSIVE-MOTORWAY,269.75,0.03,0.024,-0.014
20151111125233-24km-D1-AGGRESSIVE-MOTORWAY,269.85,-0.022,0.01,-0.008
20151111125233-24km-D1-AGGRESSIVE-MOTORWAY,269.95000000000005,-0.027,-0.006,-0.021
20151111125233-24km-D1-AGGRESSIVE-MOTORWAY,270.15000000000003,-0.043,-0.032,0.009
20151111125233-24km-D1-AGGRESSIVE-MOTORWAY,270.25,-0.06,-0.05,0.021
20151111125233-24km-D1-AGGRESSIVE-MOTORWAY,270.36,-0.032,-0.042,0.016
20151111125233-24km-D1-AGGRESSIVE-MOTORWAY,270.45000000000005,0.012,-0.02,0.009
20151111125233-24km-D1-AGGRESSIVE-MOTORWAY,270.55,0.034,0.017,0.019
20151111125233-24km-D1-AGGRESSIVE-MOTORWAY,270.65000000000003,-0.018,0.002,0.026
20151111125233-24km-D1-AGGRESSIVE-MOTORWAY,270.76,-0.032,-0.025,0.027
20151111125233-24km-D1-AGGRESSIVE-MOTORWAY,270.86,0.012,-0.005,0.01
20151111125233-24km-D1-AGGRESSIVE-MOTORWAY,270.95000000000005,0.02,0.006,0.015
20151111125233-24km-D1-AGGRESSIVE-MOTORWAY,271.05,0.025,0.02,0.039
20151111125233-24km-D1-AGGRESSIVE-MOTORWAY,271.15000000000003,-0.026,0.007,0.036
20151111125233-24km-D1-AGGRESSIVE-MOTORWAY,271.26,-0.037,-0.022,0.032
20151111125233-24km-D1-AGGRESSIVE-MOTORWAY,271.36,0.008,-0.015,0.023
20151111125233-24km-D1-AGGRESSIVE-MOTORWAY,271.46000000000004,0.012,-0.0,0.014
20151111125233-24km-D1-AGGRESSIVE-MOTORWAY,271.56,-0.013,0.005,0.011
20151111125233-24km-D1-AGGRESSIVE-MOTORWAY,271.66,-0.029,-0.019,0.012
20151111125233-24km-D1-AGGRESSIVE-MOTORWAY,271.76,0.007,-0.01,0.02
20151111125233-24km-D1-AGGRESSIVE-MOTORWAY,271.86,-0.016,-0.004,0.027
20151111125233-24km-D1-AGGRESSIVE-MOTORWAY,271.96000000000004,-0.036,-0.025,0.01
20151111125233-24km-D1-AGGRESSIVE-MOTORWAY,272.07,-0.02,-0.028,0.03
20151111125233-24km-D1-AGGRESSIVE-MOTORWAY,272.16,0.036,-0.001,0.028
20151111125233-24km-D1-AGGRESSIVE-MOTORWAY,272.26,0.001,0.01,0.025
20151111125233-24km-D1-AGGRESSIVE-MOTORWAY,272.36,-0.034,-0.011,0.008
20151111125233-24km-D1-AGGRESSIVE-MOTORWAY,272.47,0.006,-0.002,0.01
20151111125233-24km-D1-AGGRESSIVE-MOTORWAY,272.57,0.007,0.002,-0.01
20151111125233-24km-D1-AGGRESSIVE-MOTORWAY,272.67,-0.036,-0.016,-0.015
20151111125233-24km-D1-AGGRESSIVE-MOTORWAY,272.76,-0.014,-0.022,0.008
20151111125233-24km-D1-AGGRESSIVE-MOTORWAY,272.86,0.019,0.002,0.026
20151111125233-24km-D1-AGGRESSIVE-MOTORWAY,272.96000000000004,0.02,0.007,0.015
20151111125233-24km-D1-AGGRESSIVE-MOTORWAY,273.07,0.012,0.014,0.003
20151111125233-24km-D1-AGGRESSIVE-MOTORWAY,273.16,-0.034,0.004,-0.014
20151111125233-24km-D1-AGGRESSIVE-MOTORWAY,273.27000000000004,-0.02,-0.024,0.002
20151111125233-24km-D1-AGGRESSIVE-MOTORWAY,273.37,-0.044,-0.023,0.008
20151111125233-24km-D1-AGGRESSIVE-MOTORWAY,273.46000000000004,-0.063,-0.051,-0.007
20151111125233-24km-D1-AGGRESSIVE-MOTORWAY,273.56,0.041,-0.013,-0.006
20151111125233-24km-D1-AGGRESSIVE-MOTORWAY,273.67,0.015,0.006,-0.008
20151111125233-24km-D1-AGGRESSIVE-MOTORWAY,273.78000000000003,-0.035,-0.003,-0.022
20151111125233-24km-D1-AGGRESSIVE-MOTORWAY,273.87,-0.02,-0.022,-0.002
20151111125233-24km-D1-AGGRESSIVE-MOTORWAY,273.97,0.004,-0.014,0.02
20151111125233-24km-D1-AGGRESSIVE-MOTORWAY,274.06,-0.03,-0.01,-0.003
20151111125233-24km-D1-AGGRESSIVE-MOTORWAY,274.16,-0.048,-0.033,0.002
20151111125233-24km-D1-AGGRESSIVE-MOTORWAY,274.26,-0.019,-0.032,-0.005
20151111125233-24km-D1-AGGRESSIVE-MOTORWAY,274.37,0.019,-0.007,-0.006
20151111125233-24km-D1-AGGRESSIVE-MOTORWAY,274.47,-0.054,-0.017,-0.011
20151111125233-24km-D1-AGGRESSIVE-MOTORWAY,274.57,-0.014,-0.029,-0.021
20151111125233-24km-D1-AGGRESSIVE-MOTORWAY,274.67,-0.017,-0.017,-0.025
20151111125233-24km-D1-AGGRESSIVE-MOTORWAY,274.77000000000004,-0.0,-0.011,-0.032
20151111125233-24km-D1-AGGRESSIVE-MOTORWAY,274.87,-0.012,-0.003,-0.04
20151111125233-24km-D1-AGGRESSIVE-MOTORWAY,274.97,0.008,-0.013,-0.036
20151111125233-24km-D1-AGGRESSIVE-MOTORWAY,275.08000000000004,-0.012,0.001,-0.027
20151111125233-24km-D1-AGGRESSIVE-MOTORWAY,275.17,-0.02,-0.015,-0.014
20151111125233-24km-D1-AGGRESSIVE-MOTORWAY,275.27000000000004,-0.005,-0.013,-0.008
20151111125233-24km-D1-AGGRESSIVE-MOTORWAY,275.37,0.006,-0.002,0.005
20151111125233-24km-D1-AGGRESSIVE-MOTORWAY,275.47,-0.043,-0.017,0.016
20151111125233-24km-D1-AGGRESSIVE-MOTORWAY,275.57,-0.047,-0.032,0.024
20151111125233-24km-D1-AGGRESSIVE-MOTORWAY,275.68,-0.024,-0.035,0.041
20151111125233-24km-D1-AGGRESSIVE-MOTORWAY,275.77000000000004,-0.073,-0.044,0.027
20151111125233-24km-D1-AGGRESSIVE-MOTORWAY,275.87,0.002,-0.051,0.001
20151111125233-24km-D1-AGGRESSIVE-MOTORWAY,275.97,0.115,0.035,0.019
20151111125233-24km-D1-AGGRESSIVE-MOTORWAY,276.07,-0.106,0.002,0.002
20151111125233-24km-D1-AGGRESSIVE-MOTORWAY,276.17,-0.067,-0.055,-0.017
20151111125233-24km-D1-AGGRESSIVE-MOTORWAY,276.28000000000003,0.013,-0.016,0.012
20151111125233-24km-D1-AGGRESSIVE-MOTORWAY,276.38,-0.019,-0.011,-0.02
20151111125233-24km-D1-AGGRESSIVE-MOTORWAY,276.47,-0.02,-0.024,-0.029
20151111125233-24km-D1-AGGRESSIVE-MOTORWAY,276.58000000000004,0.006,-0.009,-0.0
20151111125233-24km-D1-AGGRESSIVE-MOTORWAY,276.68,-0.037,-0.021,-0.001
20151111125233-24km-D1-AGGRESSIVE-MOTORWAY,276.77000000000004,0.015,-0.003,0.001
20151111125233-24km-D1-AGGRESSIVE-MOTORWAY,276.87,-0.008,-0.001,0.003
20151111125233-24km-D1-AGGRESSIVE-MOTORWAY,276.97,-0.037,-0.019,0.009
20151111125233-24km-D1-AGGRESSIVE-MOTORWAY,277.08000000000004,-0.046,-0.038,0.003
20151111125233-24km-D1-AGGRESSIVE-MOTORWAY,277.17,-0.005,-0.027,0.009
20151111125233-24km-D1-AGGRESSIVE-MOTORWAY,277.27000000000004,-0.018,-0.012,0.013
20151111125233-24km-D1-AGGRESSIVE-MOTORWAY,277.38,-0.023,-0.023,0.015
20151111125233-24km-D1-AGGRESSIVE-MOTORWAY,277.47,-0.038,-0.026,0.014
20151111125233-24km-D1-AGGRESSIVE-MOTORWAY,277.58000000000004,-0.007,-0.024,0.019
20151111125233-24km-D1-AGGRESSIVE-MOTORWAY,277.67,-0.011,-0.012,0.025
20151111125233-24km-D1-AGGRESSIVE-MOTORWAY,277.77000000000004,-0.027,-0.022,0.026
20151111125233-24km-D1-AGGRESSIVE-MOTORWAY,277.88,-0.006,-0.015,0.016
20151111125233-24km-D1-AGGRESSIVE-MOTORWAY,277.98,-0.018,-0.012,-0.001
20151111125233-24km-D1-AGGRESSIVE-MOTORWAY,278.08000000000004,-0.022,-0.02,-0.005
20151111125233-24km-D1-AGGRESSIVE-MOTORWAY,278.19,0.009,-0.011,-0.011
20151111125233-24km-D1-AGGRESSIVE-MOTORWAY,278.28000000000003,0.007,0.003,-0.006
20151111125233-24km-D1-AGGRESSIVE-MOTORWAY,278.38,-0.014,-0.001,-0.007
20151111125233-24km-D1-AGGRESSIVE-MOTORWAY,278.48,-0.026,-0.015,0.01
20151111125233-24km-D1-AGGRESSIVE-MOTORWAY,278.58000000000004,-0.042,-0.031,0.022
20151111125233-24km-D1-AGGRESSIVE-MOTORWAY,278.68,-0.018,-0.029,0.02
20151111125233-24km-D1-AGGRESSIVE-MOTORWAY,278.79,-0.004,-0.014,0.02
20151111125233-24km-D1-AGGRESSIVE-MOTORWAY,278.88,0.005,-0.002,0.018
20151111125233-24km-D1-AGGRESSIVE-MOTORWAY,278.98,-0.033,-0.013,0.012
20151111125233-24km-D1-AGGRESSIVE-MOTORWAY,279.08000000000004,-0.027,-0.026,0.007
20151111125233-24km-D1-AGGRESSIVE-MOTORWAY,279.18,-0.024,-0.024,-0.002
20151111125233-24km-D1-AGGRESSIVE-MOTORWAY,279.28000000000003,-0.016,-0.022,-0.003
20151111125233-24km-D1-AGGRESSIVE-MOTORWAY,279.39000000000004,-0.008,-0.014,0.0
20151111125233-24km-D1-AGGRESSIVE-MOTORWAY,279.49,-0.01,-0.008,0.001
20151111125233-24km-D1-AGGRESSIVE-MOTORWAY,279.58000000000004,-0.015,-0.013,-0.005
20151111125233-24km-D1-AGGRESSIVE-MOTORWAY,279.68,-0.023,-0.017,0.003
20151111125233-24km-D1-AGGRESSIVE-MOTORWAY,279.78000000000003,0.008,-0.011,0.0
20151111125233-24km-D1-AGGRESSIVE-MOTORWAY,279.88,-0.049,-0.02,0.005
20151111125233-24km-D1-AGGRESSIVE-MOTORWAY,279.99,-0.062,-0.05,0.003
20151111125233-24km-D1-AGGRESSIVE-MOTORWAY,280.18,-0.02,-0.014,0.006
20151111125233-24km-D1-AGGRESSIVE-MOTORWAY,280.28000000000003,-0.004,-0.016,0.002
20151111125233-24km-D1-AGGRESSIVE-MOTORWAY,280.39000000000004,-0.028,-0.022,-0.015
20151111125233-24km-D1-AGGRESSIVE-MOTORWAY,280.49,-0.066,-0.038,-0.02
20151111125233-24km-D1-AGGRESSIVE-MOTORWAY,280.59000000000003,-0.014,-0.035,-0.042
20151111125233-24km-D1-AGGRESSIVE-MOTORWAY,280.70000000000005,0.009,-0.012,-0.053
20151111125233-24km-D1-AGGRESSIVE-MOTORWAY,280.78000000000003,-0.027,-0.012,-0.037
20151111125233-24km-D1-AGGRESSIVE-MOTORWAY,280.88,-0.014,-0.017,-0.04
20151111125233-24km-D1-AGGRESSIVE-MOTORWAY,280.98,-0.018,-0.018,-0.04
20151111125233-24km-D1-AGGRESSIVE-MOTORWAY,281.09000000000003,-0.002,-0.01,-0.035
20151111125233-24km-D1-AGGRESSIVE-MOTORWAY,281.18,-0.015,-0.009,-0.006
20151111125233-24km-D1-AGGRESSIVE-MOTORWAY,281.29,-0.019,-0.014,0.011
20151111125233-24km-D1-AGGRESSIVE-MOTORWAY,281.39000000000004,-0.02,-0.018,0.024
20151111125233-24km-D1-AGGRESSIVE-MOTORWAY,281.49,-0.019,-0.021,0.026
20151111125233-24km-D1-AGGRESSIVE-MOTORWAY,281.6,0.005,-0.008,0.027
20151111125233-24km-D1-AGGRESSIVE-MOTORWAY,281.69,-0.014,-0.009,0.023
20151111125233-24km-D1-AGGRESSIVE-MOTORWAY,281.8,-0.016,-0.012,0.015
20151111125233-24km-D1-AGGRESSIVE-MOTORWAY,281.90000000000003,0.006,-0.003,0.016
20151111125233-24km-D1-AGGRESSIVE-MOTORWAY,281.99,0.012,0.001,0.011
20151111125233-24km-D1-AGGRESSIVE-MOTORWAY,282.09000000000003,-0.014,-0.001,0.003
20151111125233-24km-D1-AGGRESSIVE-MOTORWAY,282.19,-0.009,-0.006,0.013
20151111125233-24km-D1-AGGRESSIVE-MOTORWAY,282.29,-0.015,-0.004,0.003
20151111125233-24km-D1-AGGRESSIVE-MOTORWAY,282.39000000000004,-0.056,-0.03,-0.009
20151111125233-24km-D1-AGGRESSIVE-MOTORWAY,282.49,-0.053,-0.052,-0.009
20151111125233-24km-D1-AGGRESSIVE-MOTORWAY,282.6,-0.013,-0.041,-0.014
20151111125233-24km-D1-AGGRESSIVE-MOTORWAY,282.69,0.022,0.001,-0.005
20151111125233-24km-D1-AGGRESSIVE-MOTORWAY,282.79,-0.013,-0.003,-0.015
20151111125233-24km-D1-AGGRESSIVE-MOTORWAY,282.89000000000004,0.027,0.0,-0.012
20151111125233-24km-D1-AGGRESSIVE-MOTORWAY,283.0,-0.03,0.0,-0.001
20151111125233-24km-D1-AGGRESSIVE-MOTORWAY,283.1,-0.024,-0.017,-0.001
20151111125233-24km-D1-AGGRESSIVE-MOTORWAY,283.19,-0.016,-0.017,-0.004
20151111125233-24km-D1-AGGRESSIVE-MOTORWAY,283.29,-0.012,-0.014,-0.006
20151111125233-24km-D1-AGGRESSIVE-MOTORWAY,283.39000000000004,-0.015,-0.019,-0.004
20151111125233-24km-D1-AGGRESSIVE-MOTORWAY,283.49,0.012,-0.003,-0.005
20151111125233-24km-D1-AGGRESSIVE-MOTORWAY,283.59000000000003,-0.016,-0.003,-0.003
20151111125233-24km-D1-AGGRESSIVE-MOTORWAY,283.70000000000005,-0.037,-0.021,0.002
20151111125233-24km-D1-AGGRESSIVE-MOTORWAY,283.79,-0.016,-0.021,-0.005
20151111125233-24km-D1-AGGRESSIVE-MOTORWAY,283.89000000000004,0.001,-0.01,-0.008
20151111125233-24km-D1-AGGRESSIVE-MOTORWAY,283.99,-0.011,-0.01,-0.001
20151111125233-24km-D1-AGGRESSIVE-MOTORWAY,284.09000000000003,0.002,-0.005,-0.006
20151111125233-24km-D1-AGGRESSIVE-MOTORWAY,284.21000000000004,0.008,0.007,-0.004
20151111125233-24km-D1-AGGRESSIVE-MOTORWAY,284.29,-0.016,-0.007,-0.005
20151111125233-24km-D1-AGGRESSIVE-MOTORWAY,284.40000000000003,0.002,-0.005,-0.003
20151111125233-24km-D1-AGGRESSIVE-MOTORWAY,284.49,-0.068,-0.031,-0.017
20151111125233-24km-D1-AGGRESSIVE-MOTORWAY,284.6,-0.039,-0.042,-0.016
20151111125233-24km-D1-AGGRESSIVE-MOTORWAY,284.71000000000004,-0.009,-0.03,-0.012
20151111125233-24km-D1-AGGRESSIVE-MOTORWAY,284.8,0.036,0.002,-0.011
20151111125233-24km-D1-AGGRESSIVE-MOTORWAY,284.91,0.061,0.035,0.009
20151111125233-24km-D1-AGGRESSIVE-MOTORWAY,285.01,-0.023,0.019,0.003
20151111125233-24km-D1-AGGRESSIVE-MOTORWAY,285.1,-0.023,-0.01,-0.008
20151111125233-24km-D1-AGGRESSIVE-MOTORWAY,285.20000000000005,-0.01,-0.008,0.001
20151111125233-24km-D1-AGGRESSIVE-MOTORWAY,285.3,0.002,-0.009,0.004
20151111125233-24km-D1-AGGRESSIVE-MOTORWAY,285.40000000000003,0.026,0.007,0.014
20151111125233-24km-D1-AGGRESSIVE-MOTORWAY,285.5,-0.06,-0.014,-0.009
20151111125233-24km-D1-AGGRESSIVE-MOTORWAY,285.6,-0.009,-0.026,-0.011
20151111125233-24km-D1-AGGRESSIVE-MOTORWAY,285.70000000000005,-0.025,-0.015,0.001
20151111125233-24km-D1-AGGRESSIVE-MOTORWAY,285.8,-0.046,-0.037,-0.003
20151111125233-24km-D1-AGGRESSIVE-MOTORWAY,285.90000000000003,0.012,-0.015,0.004
20151111125233-24km-D1-AGGRESSIVE-MOTORWAY,286.0,-0.019,-0.01,0.002
20151111125233-24km-D1-AGGRESSIVE-MOTORWAY,286.11,0.041,0.009,-0.005
20151111125233-24km-D1-AGGRESSIVE-MOTORWAY,286.21000000000004,0.005,0.017,-0.002
20151111125233-24km-D1-AGGRESSIVE-MOTORWAY,286.3,-0.016,-0.002,0.001
20151111125233-24km-D1-AGGRESSIVE-MOTORWAY,286.40000000000003,-0.009,-0.01,0.009
20151111125233-24km-D1-AGGRESSIVE-MOTORWAY,286.51,-0.031,-0.018,0.014
20151111125233-24km-D1-AGGRESSIVE-MOTORWAY,286.6,-0.009,-0.017,0.002
20151111125233-24km-D1-AGGRESSIVE-MOTORWAY,286.70000000000005,-0.009,-0.008,0.005
20151111125233-24km-D1-AGGRESSIVE-MOTORWAY,286.81,-0.043,-0.02,0.001
20151111125233-24km-D1-AGGRESSIVE-MOTORWAY,286.90000000000003,-0.018,-0.028,-0.01
20151111125233-24km-D1-AGGRESSIVE-MOTORWAY,287.0,-0.017,-0.022,0.001
20151111125233-24km-D1-AGGRESSIVE-MOTORWAY,287.11,0.018,-0.006,0.001
20151111125233-24km-D1-AGGRESSIVE-MOTORWAY,287.20000000000005,-0.005,0.007,-0.004
20151111125233-24km-D1-AGGRESSIVE-MOTORWAY,287.31,-0.018,-0.012,0.001
20151111125233-24km-D1-AGGRESSIVE-MOTORWAY,287.40000000000003,-0.02,-0.017,0.0
20151111125233-24km-D1-AGGRESSIVE-MOTORWAY,287.5,-0.021,-0.019,0.005
20151111125233-24km-D1-AGGRESSIVE-MOTORWAY,287.6,-0.007,-0.017,0.003
20151111125233-24km-D1-AGGRESSIVE-MOTORWAY,287.70000000000005,0.02,-0.0,-0.005
20151111125233-24km-D1-AGGRESSIVE-MOTORWAY,287.81,-0.027,-0.005,0.003
20151111125233-24km-D1-AGGRESSIVE-MOTORWAY,287.92,-0.003,-0.009,0.001
20151111125233-24km-D1-AGGRESSIVE-MOTORWAY,288.01,-0.015,-0.007,0.004
20151111125233-24km-D1-AGGRESSIVE-MOTORWAY,288.11,0.02,-0.005,0.009
20151111125233-24km-D1-AGGRESSIVE-MOTORWAY,288.21000000000004,-0.002,0.009,0.015
20151111125233-24km-D1-AGGRESSIVE-MOTORWAY,288.31,-0.027,-0.01,0.005
20151111125233-24km-D1-AGGRESSIVE-MOTORWAY,288.41,0.001,-0.01,0.004
20151111125233-24km-D1-AGGRESSIVE-MOTORWAY,288.52000000000004,-0.02,-0.011,0.008
20151111125233-24km-D1-AGGRESSIVE-MOTORWAY,288.61,-0.041,-0.026,0.004
20151111125233-24km-D1-AGGRESSIVE-MOTORWAY,288.71000000000004,-0.049,-0.036,0.003
20151111125233-24km-D1-AGGRESSIVE-MOTORWAY,288.81,-0.031,-0.037,-0.0
20151111125233-24km-D1-AGGRESSIVE-MOTORWAY,288.91,-0.021,-0.023,-0.005
20151111125233-24km-D1-AGGRESSIVE-MOTORWAY,289.01,0.003,-0.022,0.008
20151111125233-24km-D1-AGGRESSIVE-MOTORWAY,289.12,0.017,-0.001,0.014
20151111125233-24km-D1-AGGRESSIVE-MOTORWAY,289.22,-0.043,-0.012,0.013
20151111125233-24km-D1-AGGRESSIVE-MOTORWAY,289.31,0.004,-0.017,0.007
20151111125233-24km-D1-AGGRESSIVE-MOTORWAY,289.41,0.026,0.016,0.014
20151111125233-24km-D1-AGGRESSIVE-MOTORWAY,289.52000000000004,-0.042,-0.015,0.017
20151111125233-24km-D1-AGGRESSIVE-MOTORWAY,289.62,-0.025,-0.026,0.006
20151111125233-24km-D1-AGGRESSIVE-MOTORWAY,289.72,-0.037,-0.026,0.013
20151111125233-24km-D1-AGGRESSIVE-MOTORWAY,289.81,-0.007,-0.027,0.008
20151111125233-24km-D1-AGGRESSIVE-MOTORWAY,289.91,0.006,-0.002,0.005
20151111125233-24km-D1-AGGRESSIVE-MOTORWAY,290.12,0.001,-0.0,0.007
20151111125233-24km-D1-AGGRESSIVE-MOTORWAY,290.21000000000004,0.003,0.002,0.008
20151111125233-24km-D1-AGGRESSIVE-MOTORWAY,290.32,0.003,0.005,0.0
20151111125233-24km-D1-AGGRESSIVE-MOTORWAY,290.42,0.007,0.004,0.0
20151111125233-24km-D1-AGGRESSIVE-MOTORWAY,290.51,-0.018,-0.006,0.002
20151111125233-24km-D1-AGGRESSIVE-MOTORWAY,290.61,-0.03,-0.016,0.01
20151111125233-24km-D1-AGGRESSIVE-MOTORWAY,290.71000000000004,-0.018,-0.022,0.017
20151111125233-24km-D1-AGGRESSIVE-MOTORWAY,290.82,-0.033,-0.026,0.003
20151111125233-24km-D1-AGGRESSIVE-MOTORWAY,290.92,-0.019,-0.024,-0.01
20151111125233-24km-D1-AGGRESSIVE-MOTORWAY,291.02000000000004,0.005,-0.011,-0.005
20151111125233-24km-D1-AGGRESSIVE-MOTORWAY,291.12,0.02,0.005,-0.009
20151111125233-24km-D1-AGGRESSIVE-MOTORWAY,291.22,0.0,0.009,0.004
20151111125233-24km-D1-AGGRESSIVE-MOTORWAY,291.32,-0.009,-0.0,0.005
20151111125233-24km-D1-AGGRESSIVE-MOTORWAY,291.42,-0.021,-0.015,0.013
20151111125233-24km-D1-AGGRESSIVE-MOTORWAY,291.52000000000004,-0.013,-0.014,0.016
20151111125233-24km-D1-AGGRESSIVE-MOTORWAY,291.63,-0.021,-0.016,0.003
20151111125233-24km-D1-AGGRESSIVE-MOTORWAY,291.72,-0.011,-0.015,-0.001
20151111125233-24km-D1-AGGRESSIVE-MOTORWAY,291.82,-0.017,-0.016,0.007
20151111125233-24km-D1-AGGRESSIVE-MOTORWAY,291.92,0.007,-0.006,0.006
20151111125233-24km-D1-AGGRESSIVE-MOTORWAY,292.02000000000004,-0.0,0.003,-0.0
20151111125233-24km-D1-AGGRESSIVE-MOTORWAY,292.12,-0.026,-0.012,-0.016
20151111125233-24km-D1-AGGRESSIVE-MOTORWAY,292.22,-0.024,-0.021,-0.02
20151111125233-24km-D1-AGGRESSIVE-MOTORWAY,292.32,-0.015,-0.016,-0.007
20151111125233-24km-D1-AGGRESSIVE-MOTORWAY,292.42,-0.007,-0.016,-0.013
20151111125233-24km-D1-AGGRESSIVE-MOTORWAY,292.52000000000004,0.031,0.005,-0.016
20151111125233-24km-D1-AGGRESSIVE-MOTORWAY,292.63,-0.017,0.008,-0.021
20151111125233-24km-D1-AGGRESSIVE-MOTORWAY,292.73,-0.037,-0.021,-0.023
20151111125233-24km-D1-AGGRESSIVE-MOTORWAY,292.83000000000004,-0.017,-0.018,-0.01
20151111125233-24km-D1-AGGRESSIVE-MOTORWAY,292.92,-0.02,-0.022,-0.011
20151111125233-24km-D1-AGGRESSIVE-MOTORWAY,293.02000000000004,-0.032,-0.028,-0.009
20151111125233-24km-D1-AGGRESSIVE-MOTORWAY,293.12,-0.032,-0.029,-0.003
20151111125233-24km-D1-AGGRESSIVE-MOTORWAY,293.23,-0.003,-0.016,-0.011
20151111125233-24km-D1-AGGRESSIVE-MOTORWAY,293.32,0.001,-0.01,-0.011
20151111125233-24km-D1-AGGRESSIVE-MOTORWAY,293.42,0.006,0.001,-0.01
20151111125233-24km-D1-AGGRESSIVE-MOTORWAY,293.52000000000004,-0.004,0.001,0.002
20151111125233-24km-D1-AGGRESSIVE-MOTORWAY,293.62,-0.013,-0.01,0.008
20151111125233-24km-D1-AGGRESSIVE-MOTORWAY,293.72,-0.008,-0.007,0.015
20151111125233-24km-D1-AGGRESSIVE-MOTORWAY,293.83000000000004,-0.007,-0.005,0.028
20151111125233-24km-D1-AGGRESSIVE-MOTORWAY,293.92,-0.035,-0.015,0.038
20151111125233-24km-D1-AGGRESSIVE-MOTORWAY,294.03000000000003,-0.014,-0.023,0.033
20151111125233-24km-D1-AGGRESSIVE-MOTORWAY,294.12,-0.013,-0.021,0.033
20151111125233-24km-D1-AGGRESSIVE-MOTORWAY,294.23,0.008,-0.002,0.036
20151111125233-24km-D1-AGGRESSIVE-MOTORWAY,294.33000000000004,0.018,-0.0,0.027
20151111125233-24km-D1-AGGRESSIVE-MOTORWAY,294.44,-0.005,0.007,0.03
20151111125233-24km-D1-AGGRESSIVE-MOTORWAY,294.53000000000003,-0.035,-0.011,0.026
20151111125233-24km-D1-AGGRESSIVE-MOTORWAY,294.63,-0.014,-0.018,0.025
20151111125233-24km-D1-AGGRESSIVE-MOTORWAY,294.78000000000003,-0.034,-0.022,0.031
20151111125233-24km-D1-AGGRESSIVE-MOTORWAY,294.83000000000004,-0.018,-0.026,0.037
20151111125233-24km-D1-AGGRESSIVE-MOTORWAY,294.93,-0.009,-0.015,0.036
20151111125233-24km-D1-AGGRESSIVE-MOTORWAY,295.04,-0.032,-0.02,0.02
20151111125233-24km-D1-AGGRESSIVE-MOTORWAY,295.14000000000004,-0.031,-0.03,0.015
20151111125233-24km-D1-AGGRESSIVE-MOTORWAY,295.24,0.008,-0.016,0.012
20151111125233-24km-D1-AGGRESSIVE-MOTORWAY,295.33000000000004,0.021,0.01,0.015
20151111125233-24km-D1-AGGRESSIVE-MOTORWAY,295.43,0.02,0.028,0.01
20151111125233-24km-D1-AGGRESSIVE-MOTORWAY,295.53000000000003,-0.009,-0.004,0.008
20151111125233-24km-D1-AGGRESSIVE-MOTORWAY,295.64000000000004,0.013,0.006,0.016
20151111125233-24km-D1-AGGRESSIVE-MOTORWAY,295.73,-0.046,-0.019,0.008
20151111125233-24km-D1-AGGRESSIVE-MOTORWAY,295.84000000000003,-0.021,-0.027,0.009
20151111125233-24km-D1-AGGRESSIVE-MOTORWAY,295.94,-0.008,-0.01,0.014
20151111125233-24km-D1-AGGRESSIVE-MOTORWAY,296.03000000000003,-0.03,-0.022,0.015
20151111125233-24km-D1-AGGRESSIVE-MOTORWAY,296.13,-0.054,-0.036,0.011
20151111125233-24km-D1-AGGRESSIVE-MOTORWAY,296.24,-0.019,-0.038,0.007
20151111125233-24km-D1-AGGRESSIVE-MOTORWAY,296.33000000000004,0.03,-0.004,0.008
20151111125233-24km-D1-AGGRESSIVE-MOTORWAY,296.44,0.005,0.007,-0.001
20151111125233-24km-D1-AGGRESSIVE-MOTORWAY,296.53000000000003,0.04,0.02,0.005
20151111125233-24km-D1-AGGRESSIVE-MOTORWAY,296.63,0.016,0.025,0.015
20151111125233-24km-D1-AGGRESSIVE-MOTORWAY,296.73,-0.035,-0.002,0.0
20151111125233-24km-D1-AGGRESSIVE-MOTORWAY,296.84000000000003,0.0,-0.008,-0.002
20151111125233-24km-D1-AGGRESSIVE-MOTORWAY,296.94,-0.063,-0.027,-0.009
20151111125233-24km-D1-AGGRESSIVE-MOTORWAY,297.04,-0.054,-0.049,-0.017
20151111125233-24km-D1-AGGRESSIVE-MOTORWAY,297.15000000000003,-0.036,-0.047,-0.031
20151111125233-24km-D1-AGGRESSIVE-MOTORWAY,297.23,0.026,-0.012,-0.036
20151111125233-24km-D1-AGGRESSIVE-MOTORWAY,297.33000000000004,-0.018,-0.005,-0.04
20151111125233-24km-D1-AGGRESSIVE-MOTORWAY,297.44,-0.026,-0.016,-0.04
20151111125233-24km-D1-AGGRESSIVE-MOTORWAY,297.54,-0.018,-0.021,-0.041
20151111125233-24km-D1-AGGRESSIVE-MOTORWAY,297.64000000000004,0.01,-0.008,-0.031
20151111125233-24km-D1-AGGRESSIVE-MOTORWAY,297.74,0.012,0.006,-0.028
20151111125233-24km-D1-AGGRESSIVE-MOTORWAY,297.84000000000003,0.003,0.007,-0.024
20151111125233-24km-D1-AGGRESSIVE-MOTORWAY,297.94,-0.04,-0.024,-0.045
20151111125233-24km-D1-AGGRESSIVE-MOTORWAY,298.04,0.015,0.001,-0.034
20151111125233-24km-D1-AGGRESSIVE-MOTORWAY,298.14000000000004,-0.029,-0.009,-0.026
20151111125233-24km-D1-AGGRESSIVE-MOTORWAY,298.24,0.018,-0.009,-0.019
20151111125233-24km-D1-AGGRESSIVE-MOTORWAY,298.35,0.006,0.016,-0.013
20151111125233-24km-D1-AGGRESSIVE-MOTORWAY,298.44,-0.05,-0.016,-0.035
20151111125233-24km-D1-AGGRESSIVE-MOTORWAY,298.54,-0.035,-0.039,-0.021
20151111125233-24km-D1-AGGRESSIVE-MOTORWAY,298.64000000000004,-0.001,-0.024,0.001
20151111125233-24km-D1-AGGRESSIVE-MOTORWAY,298.74,0.023,0.002,0.006
20151111125233-24km-D1-AGGRESSIVE-MOTORWAY,298.84000000000003,-0.036,-0.009,0.013
20151111125233-24km-D1-AGGRESSIVE-MOTORWAY,298.94,-0.005,-0.015,0.024
20151111125233-24km-D1-AGGRESSIVE-MOTORWAY,299.04,-0.023,-0.011,0.021
20151111125233-24km-D1-AGGRESSIVE-MOTORWAY,299.14000000000004,-0.063,-0.05,0.001
20151111125233-24km-D1-AGGRESSIVE-MOTORWAY,299.24,0.009,-0.019,-0.003
20151111125233-24km-D1-AGGRESSIVE-MOTORWAY,299.34000000000003,0.015,0.006,-0.022
20151111125233-24km-D1-AGGRESSIVE-MOTORWAY,299.45000000000005,0.031,0.018,-0.027
20151111125233-24km-D1-AGGRESSIVE-MOTORWAY,299.55,-0.015,0.009,-0.008
20151111125233-24km-D1-AGGRESSIVE-MOTORWAY,299.64000000000004,-0.037,-0.02,-0.003
20151111125233-24km-D1-AGGRESSIVE-MOTORWAY,299.74,-0.021,-0.024,0.01
20151111125233-24km-D1-AGGRESSIVE-MOTORWAY,299.84000000000003,0.012,-0.007,0.022
20151111125233-24km-D1-AGGRESSIVE-MOTORWAY,299.95000000000005,-0.005,0.001,0.03
